<?xml version="1.0" encoding="utf-8" ?>
<manifest xmlns="http://www.imsglobal.org/xsd/imscp_v1p1"
          xmlns:xsi="http://www.w3.org/2001/XMLSchema-instance"
          xmlns:adlcp="http://www.adlnet.org/xsd/adlcp_rootv1p2"
          xmlns:cwsp="http://www.dspace.org/xmlns/cwspace_imscp"
          xmlns:ocw="http://ocw.mit.edu/xmlns/ocw_imscp"
          xmlns:lom="http://ocw.mit.edu/xmlns/LOM"
          identifier="urn_edu.mit.ocw_6-s096-effective-programming-in-c-and-c-january-iap-2014"
          version="2016-7-18T5:47:18"
          cwsp:packageType="Course"
          xml:base="6-s096-january-iap-2014/"
          xsi:schemaLocation="http://www.imsglobal.org/xsd/imscp_v1p1 http://www.imsglobal.org/xsd/imscp_v1p1.xsd  http://www.adlnet.org/xsd/adlcp_rootv1p2 http://www.adlnet.org/xsd/adlcp_rootv1p2.xsd http://www.dspace.org/xmlns/cwspace_imscp http://www.dspace.org/xsd/cwspace_imscp/version10/cwspace_imscpv10.xsd http://ocw.mit.edu/xmlns/ocw_imscp http://ocw.mit.edu/xsd/ocw_imscp/version10/ocw_imscpv10.xsd http://ocw.mit.edu/xmlns/LOM http://ocw.mit.edu/xsd/LOM/lomv1.0/lomv1.0.xsd">
   	<metadata>
   		<schema>IMS Content</schema>
        <schemaversion>1.1</schemaversion>
        <cwsp:packageMetadata>
            <cwsp:sourceSystem>OCW</cwsp:sourceSystem>
            <cwsp:profile>CWSpace</cwsp:profile>
            <cwsp:profileVersion>0.1</cwsp:profileVersion>
        </cwsp:packageMetadata>
        <lom:general uniqueElementName="general">
            <lom:title uniqueElementName="title">
				<lom:string language="en">Effective Programming in C and C++</lom:string>
			</lom:title>
			<lom:identifier>
				<lom:catalog uniqueElementName="catalog">OCW Master Course Number</lom:catalog>
		      	<lom:entry uniqueElementName="entry">6.S096</lom:entry>
			</lom:identifier>
        </lom:general>
        <lom:lifecycle uniqueElementName="lifeCycle">
            <lom:version uniqueElementName="version">
				<lom:string language="en">January IAP 2014</lom:string>
			</lom:version>
            <lom:contribute>
	            <lom:role>
	                <lom:source uniqueElementName="source">OCW_LOMv1.0</lom:source>
	                <lom:value uniqueElementName="value">Author</lom:value>
	            </lom:role>
	            <lom:entity>Kessler, Andre</lom:entity>
	            <lom:date uniqueElementName="date">
	                <lom:dateTime uniqueElementName="dateTime">2016-7-18</lom:dateTime>
	            </lom:date>
        	</lom:contribute>
        </lom:lifecycle>
        <lom:taxonPath>
            <lom:source uniqueElementName="source">
                <lom:string language="en">OCW Course Topics</lom:string>
            </lom:source>
            <lom:taxon>
                <lom:entry uniqueElementName="entry">
                    <lom:string language="en">Engineering</lom:string>
                </lom:entry>
            </lom:taxon>
            <lom:taxon>
                <lom:entry uniqueElementName="entry">
                    <lom:string language="en">Computer Science</lom:string>
                </lom:entry>
            </lom:taxon>
            <lom:taxon>
                <lom:entry uniqueElementName="entry">
                    <lom:string language="en">Programming Languages</lom:string>
                </lom:entry>
            </lom:taxon>
        </lom:taxonPath>
        <lom:taxonPath>
            <lom:source uniqueElementName="source">
                <lom:string language="en">OCW Course Topics</lom:string>
            </lom:source>
            <lom:taxon>
                <lom:entry uniqueElementName="entry">
                    <lom:string language="en">Engineering</lom:string>
                </lom:entry>
            </lom:taxon>
            <lom:taxon>
                <lom:entry uniqueElementName="entry">
                    <lom:string language="en">Computer Science</lom:string>
                </lom:entry>
            </lom:taxon>
            <lom:taxon>
                <lom:entry uniqueElementName="entry">
                    <lom:string language="en">Software Design and Engineering</lom:string>
                </lom:entry>
            </lom:taxon>
        </lom:taxonPath>        
        <adlcp:location>contents/index.htm.xml</adlcp:location>
    </metadata>
    <organizations default="ocw_6-s096-effective-programming-in-c-and-c-january-iap-2014">
        <organization identifier="ocw_6-s096-effective-programming-in-c-and-c-january-iap-2014">
            <title>Effective Programming in C and C++</title>
            <item identifier="i_6-s096-effective-programming-in-c-and-c-january-iap-2014.CourseHome"
                  identifierref="r_contents.index.htm"
                  ocw:sectionTemplateType="CourseHomePage"
                  ocw:sectionTemplateVersion="2016-7-18">
				<title>Effective Programming in C and C++</title>
				<item identifier="i_6-s096-effective-programming-in-c-and-c-january-iap-2014.6-s096iap14.jpg"
          identifierref="r_contents.6-s096iap14.jpg">
				<title>6-s096iap14.jpg</title>
				</item>
				<item identifier="i_6-s096-effective-programming-in-c-and-c-january-iap-2014.6-s096iap14-th.jpg"
          identifierref="r_contents.6-s096iap14-th.jpg">
				<title>6-s096iap14-th.jpg</title>
				</item>
			</item>
            <item identifier="i_6-s096-effective-programming-in-c-and-c-january-iap-2014.Syllabus"
                  identifierref="r_contents.Syllabus.index.htm"
                  ocw:sectionTemplateType="CourseSection"
                  ocw:sectionTemplateVersion="2016-7-18">
				<title>Syllabus</title>
			</item>
            <item identifier="i_6-s096-effective-programming-in-c-and-c-january-iap-2014.assignments"
                  identifierref="r_contents.assignments.index.htm"
                  ocw:sectionTemplateType="CourseSection"
                  ocw:sectionTemplateVersion="2016-7-18">
				<title>Assignments</title>
				<item identifier="i_6-s096-effective-programming-in-c-and-c-january-iap-2014.assignments.floating.data.zip"
          identifierref="r_contents.assignments.floating.data.zip">
				<title>floating.data.zip</title>
				</item>
				<item identifier="i_6-s096-effective-programming-in-c-and-c-january-iap-2014.assignments.sample-solution-to-assignment-2-problem-3"
          identifierref="r_contents.assignments.sample-solution-to-assignment-2-problem-3.index.htm">
				<title>Sample Solution to Assignment 2, Problem 3</title>
				</item>
				<item identifier="i_6-s096-effective-programming-in-c-and-c-january-iap-2014.assignments.sample-solution-to-assignment-1-problem-1"
          identifierref="r_contents.assignments.sample-solution-to-assignment-1-problem-1.index.htm">
				<title>Sample Solution to Assignment 1, Problem 1</title>
				</item>
				<item identifier="i_6-s096-effective-programming-in-c-and-c-january-iap-2014.assignments.sample-solution-to-assignment-1-problem-2"
          identifierref="r_contents.assignments.sample-solution-to-assignment-1-problem-2.index.htm">
				<title>Sample Solution to Assignment 1, Problem 2</title>
				</item>
				<item identifier="i_6-s096-effective-programming-in-c-and-c-january-iap-2014.assignments.sample-solution-to-assignment-1-problem-3"
          identifierref="r_contents.assignments.sample-solution-to-assignment-1-problem-3.index.htm">
				<title>Sample Solution to Assignment 1, Problem 3</title>
				</item>
				<item identifier="i_6-s096-effective-programming-in-c-and-c-january-iap-2014.assignments.matrix.data.zip"
          identifierref="r_contents.assignments.matrix.data.zip">
				<title>matrix.data.zip</title>
				</item>
				<item identifier="i_6-s096-effective-programming-in-c-and-c-january-iap-2014.assignments.sample-solution-to-assignment-1-problem-4"
          identifierref="r_contents.assignments.sample-solution-to-assignment-1-problem-4.index.htm">
				<title>Sample Solution to Assignment 1, Problem 4</title>
				</item>
				<item identifier="i_6-s096-effective-programming-in-c-and-c-january-iap-2014.assignments.rational.zip"
          identifierref="r_contents.assignments.rational.zip">
				<title>rational.zip</title>
				</item>
				<item identifier="i_6-s096-effective-programming-in-c-and-c-january-iap-2014.assignments.mst.data.zip"
          identifierref="r_contents.assignments.mst.data.zip">
				<title>mst.data.zip</title>
				</item>
				<item identifier="i_6-s096-effective-programming-in-c-and-c-january-iap-2014.assignments.MIT6_S096IAP14_ass1_p1.pdf"
          identifierref="r_contents.assignments.MIT6_S096IAP14_ass1_p1.pdf">
				<title>Assignment 1, Problem 1: Floating Point</title>
				</item>
				<item identifier="i_6-s096-effective-programming-in-c-and-c-january-iap-2014.assignments.MIT6_S096IAP14_ass1_p2.pdf"
          identifierref="r_contents.assignments.MIT6_S096IAP14_ass1_p2.pdf">
				<title>Assignment 1, Problem 2: Matrix Manipulation</title>
				</item>
				<item identifier="i_6-s096-effective-programming-in-c-and-c-january-iap-2014.assignments.MIT6_S096IAP14_ass1_p4.pdf"
          identifierref="r_contents.assignments.MIT6_S096IAP14_ass1_p4.pdf">
				<title>Assignment 1, Problem 4: Transposition Cipher</title>
				</item>
				<item identifier="i_6-s096-effective-programming-in-c-and-c-january-iap-2014.assignments.MIT6_S096IAP14_ass2_p1.pdf"
          identifierref="r_contents.assignments.MIT6_S096IAP14_ass2_p1.pdf">
				<title>Assignment 2, Problem 1: Linked List Library</title>
				</item>
				<item identifier="i_6-s096-effective-programming-in-c-and-c-january-iap-2014.assignments.MIT6_S096IAP14_ass1_p3.pdf"
          identifierref="r_contents.assignments.MIT6_S096IAP14_ass1_p3.pdf">
				<title>Assignment 1, Problem 3: Matrix Manipulation 2</title>
				</item>
				<item identifier="i_6-s096-effective-programming-in-c-and-c-january-iap-2014.assignments.MIT6_S096IAP14_ass3_p1.pdf"
          identifierref="r_contents.assignments.MIT6_S096IAP14_ass3_p1.pdf">
				<title>Assignment 3, Problem 1: C++ Linked List Library</title>
				</item>
				<item identifier="i_6-s096-effective-programming-in-c-and-c-january-iap-2014.assignments.MIT6_S096IAP14_ass2_p2.pdf"
          identifierref="r_contents.assignments.MIT6_S096IAP14_ass2_p2.pdf">
				<title>Assignment 2, Problem 2: Minimum Spanning Tree</title>
				</item>
				<item identifier="i_6-s096-effective-programming-in-c-and-c-january-iap-2014.assignments.MIT6_S096IAP14_ass2_p3.pdf"
          identifierref="r_contents.assignments.MIT6_S096IAP14_ass2_p3.pdf">
				<title>Assignment 2, Problem 3: Rational Number Library</title>
				</item>
				<item identifier="i_6-s096-effective-programming-in-c-and-c-january-iap-2014.assignments.cpplist.zip"
          identifierref="r_contents.assignments.cpplist.zip">
				<title>cpplist.zip</title>
				</item>
				<item identifier="i_6-s096-effective-programming-in-c-and-c-january-iap-2014.assignments.list.zip"
          identifierref="r_contents.assignments.list.zip">
				<title>list.zip</title>
				</item>
				<item identifier="i_6-s096-effective-programming-in-c-and-c-january-iap-2014.assignments.sample-solution-to-assignment-2-problem-2"
          identifierref="r_contents.assignments.sample-solution-to-assignment-2-problem-2.index.htm">
				<title>Sample Solution to Assignment 2, Problem 2</title>
				</item>
				<item identifier="i_6-s096-effective-programming-in-c-and-c-january-iap-2014.assignments.nbody.zip"
          identifierref="r_contents.assignments.nbody.zip">
				<title>nbody.zip</title>
				</item>
				<item identifier="i_6-s096-effective-programming-in-c-and-c-january-iap-2014.assignments.sample-solution-to-assignment-2-problem-1"
          identifierref="r_contents.assignments.sample-solution-to-assignment-2-problem-1.index.htm">
				<title>Sample Solution to Assignment 2, Problem 1</title>
				</item>
				<item identifier="i_6-s096-effective-programming-in-c-and-c-january-iap-2014.assignments.sample-solution-to-assignment-3-problem-1"
          identifierref="r_contents.assignments.sample-solution-to-assignment-3-problem-1.index.htm">
				<title>Sample Solution to Assignment 3, Problem 1</title>
				</item>
			</item>
            <item identifier="i_6-s096-effective-programming-in-c-and-c-january-iap-2014.related-resources"
                  identifierref="r_contents.related-resources.index.htm"
                  ocw:sectionTemplateType="CourseSection"
                  ocw:sectionTemplateVersion="2016-7-18">
				<title>Related Resources</title>
			</item>
            <item identifier="i_6-s096-effective-programming-in-c-and-c-january-iap-2014.calendar"
                  identifierref="r_contents.calendar.index.htm"
                  ocw:sectionTemplateType="CourseSection"
                  ocw:sectionTemplateVersion="2016-7-18">
				<title>Calendar</title>
			</item>
            <item identifier="i_6-s096-effective-programming-in-c-and-c-january-iap-2014.lecture-notes"
                  identifierref="r_contents.lecture-notes.index.htm"
                  ocw:sectionTemplateType="CourseSection"
                  ocw:sectionTemplateVersion="2016-7-18">
				<title>Lecture Notes</title>
				<item identifier="i_6-s096-effective-programming-in-c-and-c-january-iap-2014.lecture-notes.MIT6_S096IAP14_Lecture5.pdf"
          identifierref="r_contents.lecture-notes.MIT6_S096IAP14_Lecture5.pdf">
				<title>Lecture 5: Object-Oriented C++</title>
				</item>
				<item identifier="i_6-s096-effective-programming-in-c-and-c-january-iap-2014.lecture-notes.MIT6_S096IAP14_Lecture8.pdf"
          identifierref="r_contents.lecture-notes.MIT6_S096IAP14_Lecture8.pdf">
				<title>Lecture 8: Project Environments</title>
				</item>
				<item identifier="i_6-s096-effective-programming-in-c-and-c-january-iap-2014.lecture-notes.MIT6_S096IAP14_Lecture6.pdf"
          identifierref="r_contents.lecture-notes.MIT6_S096IAP14_Lecture6.pdf">
				<title>Lecture 6: Design Patterns</title>
				</item>
				<item identifier="i_6-s096-effective-programming-in-c-and-c-january-iap-2014.lecture-notes.MIT6_S096IAP14_Lecture9.pdf"
          identifierref="r_contents.lecture-notes.MIT6_S096IAP14_Lecture9.pdf">
				<title>Lecture 9: Visualization</title>
				</item>
				<item identifier="i_6-s096-effective-programming-in-c-and-c-january-iap-2014.lecture-notes.MIT6_S096IAP14_Lecture3S.pdf"
          identifierref="r_contents.lecture-notes.MIT6_S096IAP14_Lecture3S.pdf">
				<title>Lecture 3: Secure Programming in C</title>
				</item>
				<item identifier="i_6-s096-effective-programming-in-c-and-c-january-iap-2014.lecture-notes.MIT6_S096IAP14_Lecture1.pdf"
          identifierref="r_contents.lecture-notes.MIT6_S096IAP14_Lecture1.pdf">
				<title>Lecture 1: Introduction to C</title>
				</item>
				<item identifier="i_6-s096-effective-programming-in-c-and-c-january-iap-2014.lecture-notes.MIT6_S096IAP14_Lecture4.pdf"
          identifierref="r_contents.lecture-notes.MIT6_S096IAP14_Lecture4.pdf">
				<title>Lecture 4: Style and Structure</title>
				</item>
				<item identifier="i_6-s096-effective-programming-in-c-and-c-january-iap-2014.lecture-notes.MIT6_S096IAP14_Lecture7.pdf"
          identifierref="r_contents.lecture-notes.MIT6_S096IAP14_Lecture7.pdf">
				<title>Lecture 7: Introduction to Projects</title>
				</item>
				<item identifier="i_6-s096-effective-programming-in-c-and-c-january-iap-2014.lecture-notes.MIT6_S096IAP14_Lecture10.pdf"
          identifierref="r_contents.lecture-notes.MIT6_S096IAP14_Lecture10.pdf">
				<title>Lecture 10: Course Recap, Interviews, Advanced Topics</title>
				</item>
				<item identifier="i_6-s096-effective-programming-in-c-and-c-january-iap-2014.lecture-notes.MIT6_S096IAP14_Lecture3A.pdf"
          identifierref="r_contents.lecture-notes.MIT6_S096IAP14_Lecture3A.pdf">
				<title>Lecture 3: Assembly</title>
				</item>
				<item identifier="i_6-s096-effective-programming-in-c-and-c-january-iap-2014.lecture-notes.MIT6_S096IAP14_Lecture2.pdf"
          identifierref="r_contents.lecture-notes.MIT6_S096IAP14_Lecture2.pdf">
				<title>Lecture 2: Subtleties of C</title>
				</item>
				<item identifier="i_6-s096-effective-programming-in-c-and-c-january-iap-2014.lecture-notes.lecture01-examples.zip"
          identifierref="r_contents.lecture-notes.lecture01-examples.zip">
				<title>lecture01-examples.zip</title>
				</item>
				<item identifier="i_6-s096-effective-programming-in-c-and-c-january-iap-2014.lecture-notes.lecture02-examples.zip"
          identifierref="r_contents.lecture-notes.lecture02-examples.zip">
				<title>lecture02-examples.zip</title>
				</item>
				<item identifier="i_6-s096-effective-programming-in-c-and-c-january-iap-2014.lecture-notes.lecture04-examples.zip"
          identifierref="r_contents.lecture-notes.lecture04-examples.zip">
				<title>lecture04-examples.zip</title>
				</item>
				<item identifier="i_6-s096-effective-programming-in-c-and-c-january-iap-2014.lecture-notes.lecture05-examples.zip"
          identifierref="r_contents.lecture-notes.lecture05-examples.zip">
				<title>lecture05-examples.zip</title>
				</item>
				<item identifier="i_6-s096-effective-programming-in-c-and-c-january-iap-2014.lecture-notes.lecture06-examples.zip"
          identifierref="r_contents.lecture-notes.lecture06-examples.zip">
				<title>lecture06-examples.zip</title>
				</item>
				<item identifier="i_6-s096-effective-programming-in-c-and-c-january-iap-2014.lecture-notes.Vector3.h"
          identifierref="r_contents.lecture-notes.Vector3.h">
				<title>Vector3.h</title>
				</item>
			</item>
            <item identifier="i_6-s096-effective-programming-in-c-and-c-january-iap-2014.getting-started"
                  identifierref="r_contents.getting-started.index.htm"
                  ocw:sectionTemplateType="CourseSection"
                  ocw:sectionTemplateVersion="2016-7-18">
				<title>Getting Started</title>
				<item identifier="i_6-s096-effective-programming-in-c-and-c-january-iap-2014.getting-started.sample-solutions-to-diagnostic-test"
          identifierref="r_contents.getting-started.sample-solutions-to-diagnostic-test.index.htm">
				<title>Sample Solutions to Diagnostic Test</title>
				</item>
				<item identifier="i_6-s096-effective-programming-in-c-and-c-january-iap-2014.getting-started.MIT6_S096IAP14_diagnostic.pdf"
          identifierref="r_contents.getting-started.MIT6_S096IAP14_diagnostic.pdf">
				<title>Diagnostic Test</title>
				</item>
			</item>
            <item identifier="i_terms"
                  identifierref="r_common.terms.index.htm"
                  ocw:sectionTemplateType="GlobalSection"
                  ocw:sectionTemplateVersion="2016-7-18">
				<title>Legal Notices</title>
			</item>
            <item identifier="i_terms"
                  identifierref="r_common.terms.index.htm"
                  ocw:sectionTemplateType="GlobalSection"
                  ocw:sectionTemplateVersion="2016-7-18">
				<title>Privacy Statement</title>
			</item>
            <item identifier="i_terms.trademarks"
                  identifierref="r_common.terms.trademarks.index.htm"
                  ocw:sectionTemplateType="GlobalSection"
                  ocw:sectionTemplateVersion="2016-7-18">
				<title>Trademark Notices</title>
			</item>
        </organization>
    </organizations>
    <resources>
        <resource identifier="r_contents.lecture-notes.MIT6_S096IAP14_Lecture3S.pdf"
                  type="other"
                  href="contents/lecture-notes/MIT6_S096IAP14_Lecture3S.pdf">
            <metadata>
                <adlcp:location>contents/lecture-notes/MIT6_S096IAP14_Lecture3S.pdf.xml</adlcp:location>
            </metadata>
            <file href="contents/lecture-notes/MIT6_S096IAP14_Lecture3S.pdf"/>
                        
        </resource>
        <resource identifier="r_contents.lecture-notes.lecture04-examples.zip"
                  type="other"
                  href="contents/lecture-notes/lecture04-examples.zip">
            <metadata>
                <adlcp:location>contents/lecture-notes/lecture04-examples.zip.xml</adlcp:location>
            </metadata>
            <file href="contents/lecture-notes/lecture04-examples.zip"/>
                        
        </resource>
        <resource identifier="r_contents.assignments.sample-solution-to-assignment-1-problem-4.index.htm"
                  type="webcontent"
                  href="contents/assignments/sample-solution-to-assignment-1-problem-4/index.htm">
            <metadata>
                <adlcp:location>contents/assignments/sample-solution-to-assignment-1-problem-4/index.htm.xml</adlcp:location>
            </metadata>
            <file href="contents/assignments/sample-solution-to-assignment-1-problem-4/index.htm"/>
            <dependency identifierref="webrenderrequirements.6-s096-effective-programming-in-c-and-c-january-iap-2014"/>            
        </resource>
        <resource identifier="r_contents.calendar.index.htm"
                  type="webcontent"
                  href="contents/calendar/index.htm">
            <metadata>
                <adlcp:location>contents/calendar/index.htm.xml</adlcp:location>
            </metadata>
            <file href="contents/calendar/index.htm"/>
            <dependency identifierref="webrenderrequirements.6-s096-effective-programming-in-c-and-c-january-iap-2014"/>            
        </resource>
        <resource identifier="r_contents.lecture-notes.lecture05-examples.zip"
                  type="other"
                  href="contents/lecture-notes/lecture05-examples.zip">
            <metadata>
                <adlcp:location>contents/lecture-notes/lecture05-examples.zip.xml</adlcp:location>
            </metadata>
            <file href="contents/lecture-notes/lecture05-examples.zip"/>
                        
        </resource>
        <resource identifier="r_contents.assignments.sample-solution-to-assignment-3-problem-1.index.htm"
                  type="webcontent"
                  href="contents/assignments/sample-solution-to-assignment-3-problem-1/index.htm">
            <metadata>
                <adlcp:location>contents/assignments/sample-solution-to-assignment-3-problem-1/index.htm.xml</adlcp:location>
            </metadata>
            <file href="contents/assignments/sample-solution-to-assignment-3-problem-1/index.htm"/>
            <dependency identifierref="webrenderrequirements.6-s096-effective-programming-in-c-and-c-january-iap-2014"/>            
        </resource>
        <resource identifier="r_contents.lecture-notes.MIT6_S096IAP14_Lecture4.pdf"
                  type="other"
                  href="contents/lecture-notes/MIT6_S096IAP14_Lecture4.pdf">
            <metadata>
                <adlcp:location>contents/lecture-notes/MIT6_S096IAP14_Lecture4.pdf.xml</adlcp:location>
            </metadata>
            <file href="contents/lecture-notes/MIT6_S096IAP14_Lecture4.pdf"/>
                        
        </resource>
        <resource identifier="r_contents.assignments.mst.data.zip"
                  type="other"
                  href="contents/assignments/mst.data.zip">
            <metadata>
                <adlcp:location>contents/assignments/mst.data.zip.xml</adlcp:location>
            </metadata>
            <file href="contents/assignments/mst.data.zip"/>
                        
        </resource>
        <resource identifier="r_contents.assignments.list.zip"
                  type="other"
                  href="contents/assignments/list.zip">
            <metadata>
                <adlcp:location>contents/assignments/list.zip.xml</adlcp:location>
            </metadata>
            <file href="contents/assignments/list.zip"/>
                        
        </resource>
        <resource identifier="r_contents.assignments.MIT6_S096IAP14_ass2_p1.pdf"
                  type="other"
                  href="contents/assignments/MIT6_S096IAP14_ass2_p1.pdf">
            <metadata>
                <adlcp:location>contents/assignments/MIT6_S096IAP14_ass2_p1.pdf.xml</adlcp:location>
            </metadata>
            <file href="contents/assignments/MIT6_S096IAP14_ass2_p1.pdf"/>
                        
        </resource>
        <resource identifier="r_contents.getting-started.MIT6_S096IAP14_diagnostic.pdf"
                  type="other"
                  href="contents/getting-started/MIT6_S096IAP14_diagnostic.pdf">
            <metadata>
                <adlcp:location>contents/getting-started/MIT6_S096IAP14_diagnostic.pdf.xml</adlcp:location>
            </metadata>
            <file href="contents/getting-started/MIT6_S096IAP14_diagnostic.pdf"/>
                        
        </resource>
        <resource identifier="r_contents.assignments.MIT6_S096IAP14_ass1_p2.pdf"
                  type="other"
                  href="contents/assignments/MIT6_S096IAP14_ass1_p2.pdf">
            <metadata>
                <adlcp:location>contents/assignments/MIT6_S096IAP14_ass1_p2.pdf.xml</adlcp:location>
            </metadata>
            <file href="contents/assignments/MIT6_S096IAP14_ass1_p2.pdf"/>
                        
        </resource>
        <resource identifier="r_contents.lecture-notes.MIT6_S096IAP14_Lecture7.pdf"
                  type="other"
                  href="contents/lecture-notes/MIT6_S096IAP14_Lecture7.pdf">
            <metadata>
                <adlcp:location>contents/lecture-notes/MIT6_S096IAP14_Lecture7.pdf.xml</adlcp:location>
            </metadata>
            <file href="contents/lecture-notes/MIT6_S096IAP14_Lecture7.pdf"/>
                        
        </resource>
        <resource identifier="r_contents.lecture-notes.MIT6_S096IAP14_Lecture8.pdf"
                  type="other"
                  href="contents/lecture-notes/MIT6_S096IAP14_Lecture8.pdf">
            <metadata>
                <adlcp:location>contents/lecture-notes/MIT6_S096IAP14_Lecture8.pdf.xml</adlcp:location>
            </metadata>
            <file href="contents/lecture-notes/MIT6_S096IAP14_Lecture8.pdf"/>
                        
        </resource>
        <resource identifier="r_contents.related-resources.index.htm"
                  type="webcontent"
                  href="contents/related-resources/index.htm">
            <metadata>
                <adlcp:location>contents/related-resources/index.htm.xml</adlcp:location>
            </metadata>
            <file href="contents/related-resources/index.htm"/>
            <dependency identifierref="webrenderrequirements.6-s096-effective-programming-in-c-and-c-january-iap-2014"/>            
        </resource>
        <resource identifier="r_contents.getting-started.sample-solutions-to-diagnostic-test.index.htm"
                  type="webcontent"
                  href="contents/getting-started/sample-solutions-to-diagnostic-test/index.htm">
            <metadata>
                <adlcp:location>contents/getting-started/sample-solutions-to-diagnostic-test/index.htm.xml</adlcp:location>
            </metadata>
            <file href="contents/getting-started/sample-solutions-to-diagnostic-test/index.htm"/>
            <dependency identifierref="webrenderrequirements.6-s096-effective-programming-in-c-and-c-january-iap-2014"/>            
        </resource>
        <resource identifier="r_contents.lecture-notes.MIT6_S096IAP14_Lecture3A.pdf"
                  type="other"
                  href="contents/lecture-notes/MIT6_S096IAP14_Lecture3A.pdf">
            <metadata>
                <adlcp:location>contents/lecture-notes/MIT6_S096IAP14_Lecture3A.pdf.xml</adlcp:location>
            </metadata>
            <file href="contents/lecture-notes/MIT6_S096IAP14_Lecture3A.pdf"/>
                        
        </resource>
        <resource identifier="r_contents.assignments.sample-solution-to-assignment-2-problem-2.index.htm"
                  type="webcontent"
                  href="contents/assignments/sample-solution-to-assignment-2-problem-2/index.htm">
            <metadata>
                <adlcp:location>contents/assignments/sample-solution-to-assignment-2-problem-2/index.htm.xml</adlcp:location>
            </metadata>
            <file href="contents/assignments/sample-solution-to-assignment-2-problem-2/index.htm"/>
            <dependency identifierref="webrenderrequirements.6-s096-effective-programming-in-c-and-c-january-iap-2014"/>            
        </resource>
        <resource identifier="r_contents.assignments.MIT6_S096IAP14_ass1_p3.pdf"
                  type="other"
                  href="contents/assignments/MIT6_S096IAP14_ass1_p3.pdf">
            <metadata>
                <adlcp:location>contents/assignments/MIT6_S096IAP14_ass1_p3.pdf.xml</adlcp:location>
            </metadata>
            <file href="contents/assignments/MIT6_S096IAP14_ass1_p3.pdf"/>
                        
        </resource>
        <resource identifier="r_contents.assignments.sample-solution-to-assignment-1-problem-3.index.htm"
                  type="webcontent"
                  href="contents/assignments/sample-solution-to-assignment-1-problem-3/index.htm">
            <metadata>
                <adlcp:location>contents/assignments/sample-solution-to-assignment-1-problem-3/index.htm.xml</adlcp:location>
            </metadata>
            <file href="contents/assignments/sample-solution-to-assignment-1-problem-3/index.htm"/>
            <dependency identifierref="webrenderrequirements.6-s096-effective-programming-in-c-and-c-january-iap-2014"/>            
        </resource>
        <resource identifier="r_contents.assignments.matrix.data.zip"
                  type="other"
                  href="contents/assignments/matrix.data.zip">
            <metadata>
                <adlcp:location>contents/assignments/matrix.data.zip.xml</adlcp:location>
            </metadata>
            <file href="contents/assignments/matrix.data.zip"/>
                        
        </resource>
        <resource identifier="r_contents.assignments.MIT6_S096IAP14_ass2_p2.pdf"
                  type="other"
                  href="contents/assignments/MIT6_S096IAP14_ass2_p2.pdf">
            <metadata>
                <adlcp:location>contents/assignments/MIT6_S096IAP14_ass2_p2.pdf.xml</adlcp:location>
            </metadata>
            <file href="contents/assignments/MIT6_S096IAP14_ass2_p2.pdf"/>
                        
        </resource>
        <resource identifier="r_contents.index.htm"
                  type="webcontent"
                  href="contents/index.htm">
            <metadata>
                <adlcp:location>contents/index.htm.xml</adlcp:location>
            </metadata>
            <file href="contents/index.htm"/>
            <dependency identifierref="webrenderrequirements.6-s096-effective-programming-in-c-and-c-january-iap-2014"/>            
        </resource>
        <resource identifier="r_contents.lecture-notes.MIT6_S096IAP14_Lecture6.pdf"
                  type="other"
                  href="contents/lecture-notes/MIT6_S096IAP14_Lecture6.pdf">
            <metadata>
                <adlcp:location>contents/lecture-notes/MIT6_S096IAP14_Lecture6.pdf.xml</adlcp:location>
            </metadata>
            <file href="contents/lecture-notes/MIT6_S096IAP14_Lecture6.pdf"/>
                        
        </resource>
        <resource identifier="r_contents.assignments.MIT6_S096IAP14_ass3_p1.pdf"
                  type="other"
                  href="contents/assignments/MIT6_S096IAP14_ass3_p1.pdf">
            <metadata>
                <adlcp:location>contents/assignments/MIT6_S096IAP14_ass3_p1.pdf.xml</adlcp:location>
            </metadata>
            <file href="contents/assignments/MIT6_S096IAP14_ass3_p1.pdf"/>
                        
        </resource>
        <resource identifier="r_contents.lecture-notes.lecture02-examples.zip"
                  type="other"
                  href="contents/lecture-notes/lecture02-examples.zip">
            <metadata>
                <adlcp:location>contents/lecture-notes/lecture02-examples.zip.xml</adlcp:location>
            </metadata>
            <file href="contents/lecture-notes/lecture02-examples.zip"/>
                        
        </resource>
        <resource identifier="r_contents.lecture-notes.MIT6_S096IAP14_Lecture10.pdf"
                  type="other"
                  href="contents/lecture-notes/MIT6_S096IAP14_Lecture10.pdf">
            <metadata>
                <adlcp:location>contents/lecture-notes/MIT6_S096IAP14_Lecture10.pdf.xml</adlcp:location>
            </metadata>
            <file href="contents/lecture-notes/MIT6_S096IAP14_Lecture10.pdf"/>
                        
        </resource>
        <resource identifier="r_contents.assignments.sample-solution-to-assignment-2-problem-1.index.htm"
                  type="webcontent"
                  href="contents/assignments/sample-solution-to-assignment-2-problem-1/index.htm">
            <metadata>
                <adlcp:location>contents/assignments/sample-solution-to-assignment-2-problem-1/index.htm.xml</adlcp:location>
            </metadata>
            <file href="contents/assignments/sample-solution-to-assignment-2-problem-1/index.htm"/>
            <dependency identifierref="webrenderrequirements.6-s096-effective-programming-in-c-and-c-january-iap-2014"/>            
        </resource>
        <resource identifier="r_contents.6-s096iap14-th.jpg"
                  type="other"
                  href="contents/6-s096iap14-th.jpg">
            <metadata>
                <adlcp:location>contents/6-s096iap14-th.jpg.xml</adlcp:location>
            </metadata>
            <file href="contents/6-s096iap14-th.jpg"/>
                        
        </resource>
        <resource identifier="r_contents.lecture-notes.MIT6_S096IAP14_Lecture5.pdf"
                  type="other"
                  href="contents/lecture-notes/MIT6_S096IAP14_Lecture5.pdf">
            <metadata>
                <adlcp:location>contents/lecture-notes/MIT6_S096IAP14_Lecture5.pdf.xml</adlcp:location>
            </metadata>
            <file href="contents/lecture-notes/MIT6_S096IAP14_Lecture5.pdf"/>
                        
        </resource>
        <resource identifier="r_contents.6-s096iap14.jpg"
                  type="other"
                  href="contents/6-s096iap14.jpg">
            <metadata>
                <adlcp:location>contents/6-s096iap14.jpg.xml</adlcp:location>
            </metadata>
            <file href="contents/6-s096iap14.jpg"/>
                        
        </resource>
        <resource identifier="r_contents.lecture-notes.lecture06-examples.zip"
                  type="other"
                  href="contents/lecture-notes/lecture06-examples.zip">
            <metadata>
                <adlcp:location>contents/lecture-notes/lecture06-examples.zip.xml</adlcp:location>
            </metadata>
            <file href="contents/lecture-notes/lecture06-examples.zip"/>
                        
        </resource>
        <resource identifier="r_contents.lecture-notes.lecture01-examples.zip"
                  type="other"
                  href="contents/lecture-notes/lecture01-examples.zip">
            <metadata>
                <adlcp:location>contents/lecture-notes/lecture01-examples.zip.xml</adlcp:location>
            </metadata>
            <file href="contents/lecture-notes/lecture01-examples.zip"/>
                        
        </resource>
        <resource identifier="r_contents.Syllabus.index.htm"
                  type="webcontent"
                  href="contents/Syllabus/index.htm">
            <metadata>
                <adlcp:location>contents/Syllabus/index.htm.xml</adlcp:location>
            </metadata>
            <file href="contents/Syllabus/index.htm"/>
            <dependency identifierref="webrenderrequirements.6-s096-effective-programming-in-c-and-c-january-iap-2014"/>            
        </resource>
        <resource identifier="r_contents.assignments.sample-solution-to-assignment-1-problem-2.index.htm"
                  type="webcontent"
                  href="contents/assignments/sample-solution-to-assignment-1-problem-2/index.htm">
            <metadata>
                <adlcp:location>contents/assignments/sample-solution-to-assignment-1-problem-2/index.htm.xml</adlcp:location>
            </metadata>
            <file href="contents/assignments/sample-solution-to-assignment-1-problem-2/index.htm"/>
            <dependency identifierref="webrenderrequirements.6-s096-effective-programming-in-c-and-c-january-iap-2014"/>            
        </resource>
        <resource identifier="r_contents.assignments.index.htm"
                  type="webcontent"
                  href="contents/assignments/index.htm">
            <metadata>
                <adlcp:location>contents/assignments/index.htm.xml</adlcp:location>
            </metadata>
            <file href="contents/assignments/index.htm"/>
            <dependency identifierref="webrenderrequirements.6-s096-effective-programming-in-c-and-c-january-iap-2014"/>            
        </resource>
        <resource identifier="r_contents.assignments.MIT6_S096IAP14_ass1_p4.pdf"
                  type="other"
                  href="contents/assignments/MIT6_S096IAP14_ass1_p4.pdf">
            <metadata>
                <adlcp:location>contents/assignments/MIT6_S096IAP14_ass1_p4.pdf.xml</adlcp:location>
            </metadata>
            <file href="contents/assignments/MIT6_S096IAP14_ass1_p4.pdf"/>
                        
        </resource>
        <resource identifier="r_contents.assignments.floating.data.zip"
                  type="other"
                  href="contents/assignments/floating.data.zip">
            <metadata>
                <adlcp:location>contents/assignments/floating.data.zip.xml</adlcp:location>
            </metadata>
            <file href="contents/assignments/floating.data.zip"/>
                        
        </resource>
        <resource identifier="r_contents.assignments.sample-solution-to-assignment-1-problem-1.index.htm"
                  type="webcontent"
                  href="contents/assignments/sample-solution-to-assignment-1-problem-1/index.htm">
            <metadata>
                <adlcp:location>contents/assignments/sample-solution-to-assignment-1-problem-1/index.htm.xml</adlcp:location>
            </metadata>
            <file href="contents/assignments/sample-solution-to-assignment-1-problem-1/index.htm"/>
            <dependency identifierref="webrenderrequirements.6-s096-effective-programming-in-c-and-c-january-iap-2014"/>            
        </resource>
        <resource identifier="r_contents.lecture-notes.MIT6_S096IAP14_Lecture2.pdf"
                  type="other"
                  href="contents/lecture-notes/MIT6_S096IAP14_Lecture2.pdf">
            <metadata>
                <adlcp:location>contents/lecture-notes/MIT6_S096IAP14_Lecture2.pdf.xml</adlcp:location>
            </metadata>
            <file href="contents/lecture-notes/MIT6_S096IAP14_Lecture2.pdf"/>
                        
        </resource>
        <resource identifier="r_contents.assignments.rational.zip"
                  type="other"
                  href="contents/assignments/rational.zip">
            <metadata>
                <adlcp:location>contents/assignments/rational.zip.xml</adlcp:location>
            </metadata>
            <file href="contents/assignments/rational.zip"/>
                        
        </resource>
        <resource identifier="r_contents.lecture-notes.index.htm"
                  type="webcontent"
                  href="contents/lecture-notes/index.htm">
            <metadata>
                <adlcp:location>contents/lecture-notes/index.htm.xml</adlcp:location>
            </metadata>
            <file href="contents/lecture-notes/index.htm"/>
            <dependency identifierref="webrenderrequirements.6-s096-effective-programming-in-c-and-c-january-iap-2014"/>            
        </resource>
        <resource identifier="r_contents.lecture-notes.Vector3.h"
                  type="other"
                  href="contents/lecture-notes/Vector3.h">
            <metadata>
                <adlcp:location>contents/lecture-notes/Vector3.h.xml</adlcp:location>
            </metadata>
            <file href="contents/lecture-notes/Vector3.h"/>
                        
        </resource>
        <resource identifier="r_contents.getting-started.index.htm"
                  type="webcontent"
                  href="contents/getting-started/index.htm">
            <metadata>
                <adlcp:location>contents/getting-started/index.htm.xml</adlcp:location>
            </metadata>
            <file href="contents/getting-started/index.htm"/>
            <dependency identifierref="webrenderrequirements.6-s096-effective-programming-in-c-and-c-january-iap-2014"/>            
        </resource>
        <resource identifier="r_contents.assignments.MIT6_S096IAP14_ass2_p3.pdf"
                  type="other"
                  href="contents/assignments/MIT6_S096IAP14_ass2_p3.pdf">
            <metadata>
                <adlcp:location>contents/assignments/MIT6_S096IAP14_ass2_p3.pdf.xml</adlcp:location>
            </metadata>
            <file href="contents/assignments/MIT6_S096IAP14_ass2_p3.pdf"/>
                        
        </resource>
        <resource identifier="r_contents.assignments.cpplist.zip"
                  type="other"
                  href="contents/assignments/cpplist.zip">
            <metadata>
                <adlcp:location>contents/assignments/cpplist.zip.xml</adlcp:location>
            </metadata>
            <file href="contents/assignments/cpplist.zip"/>
                        
        </resource>
        <resource identifier="r_contents.lecture-notes.MIT6_S096IAP14_Lecture9.pdf"
                  type="other"
                  href="contents/lecture-notes/MIT6_S096IAP14_Lecture9.pdf">
            <metadata>
                <adlcp:location>contents/lecture-notes/MIT6_S096IAP14_Lecture9.pdf.xml</adlcp:location>
            </metadata>
            <file href="contents/lecture-notes/MIT6_S096IAP14_Lecture9.pdf"/>
                        
        </resource>
        <resource identifier="r_contents.assignments.sample-solution-to-assignment-2-problem-3.index.htm"
                  type="webcontent"
                  href="contents/assignments/sample-solution-to-assignment-2-problem-3/index.htm">
            <metadata>
                <adlcp:location>contents/assignments/sample-solution-to-assignment-2-problem-3/index.htm.xml</adlcp:location>
            </metadata>
            <file href="contents/assignments/sample-solution-to-assignment-2-problem-3/index.htm"/>
            <dependency identifierref="webrenderrequirements.6-s096-effective-programming-in-c-and-c-january-iap-2014"/>            
        </resource>
        <resource identifier="r_contents.lecture-notes.MIT6_S096IAP14_Lecture1.pdf"
                  type="other"
                  href="contents/lecture-notes/MIT6_S096IAP14_Lecture1.pdf">
            <metadata>
                <adlcp:location>contents/lecture-notes/MIT6_S096IAP14_Lecture1.pdf.xml</adlcp:location>
            </metadata>
            <file href="contents/lecture-notes/MIT6_S096IAP14_Lecture1.pdf"/>
                        
        </resource>
        <resource identifier="r_contents.assignments.nbody.zip"
                  type="other"
                  href="contents/assignments/nbody.zip">
            <metadata>
                <adlcp:location>contents/assignments/nbody.zip.xml</adlcp:location>
            </metadata>
            <file href="contents/assignments/nbody.zip"/>
                        
        </resource>
        <resource identifier="r_contents.assignments.MIT6_S096IAP14_ass1_p1.pdf"
                  type="other"
                  href="contents/assignments/MIT6_S096IAP14_ass1_p1.pdf">
            <metadata>
                <adlcp:location>contents/assignments/MIT6_S096IAP14_ass1_p1.pdf.xml</adlcp:location>
            </metadata>
            <file href="contents/assignments/MIT6_S096IAP14_ass1_p1.pdf"/>
                        
        </resource>        
        <resource identifier="r_common.search.AdvancedSearch.htm"
                  type="webcontent"
                  href="common/search/AdvancedSearch.htm">
            <file href="common/search/AdvancedSearch.htm"/>
            <dependency identifierref="webrenderrequirements.6-s096-effective-programming-in-c-and-c-january-iap-2014"/>            
        </resource>
        <resource identifier="r_common.jsp.feedback.htm"
                  type="webcontent"
                  href="common/jsp/feedback.htm">
            <file href="common/jsp/feedback.htm"/>
            <dependency identifierref="webrenderrequirements.6-s096-effective-programming-in-c-and-c-january-iap-2014"/>            
        </resource>
        <resource identifier="r_common.terms.index.htm"
                  type="webcontent"
                  href="common/terms/index.htm">
            <file href="common/terms/by.png"/>
            <file href="common/terms/nc.png"/>
            <file href="common/terms/sa.png"/>
            <file href="common/terms/deedheadyellow.png"/>
            <file href="common/terms/freedomsheader.png"/>
            <file href="common/terms/limitationsheader.png"/>
            <file href="common/terms/understandingheader.jpg"/>
            <file href="common/terms/deedfootyellow.png"/>
            <dependency identifierref="webrenderrequirements.6-s096-effective-programming-in-c-and-c-january-iap-2014"/>            
        </resource>
        <resource identifier="r_common.terms.trademarks.index.htm"
                  type="webcontent"
                  href="common/terms/trademarks/index.htm">
            <file href="common/terms/trademarks/index.htm"/>
            <dependency identifierref="webrenderrequirements.6-s096-effective-programming-in-c-and-c-january-iap-2014"/>            
        </resource>
        <resource identifier="webrenderrequirements.6-s096-effective-programming-in-c-and-c-january-iap-2014"
                  type="webcontent">
        	<file href="common/styles/base.css"/>
        	<file href="common/styles/courses.css"/>
        	<file href="common/styles/courses_new.css"/>
        	<file href="common/styles/educator.css"/>
        	<file href="common/styles/global.css"/>
        	<file href="common/styles/grid.css"/>
        	<file href="common/styles/highslide.css"/>
        	<file href="common/styles/highslide-ie6.css"/>
        	<file href="common/styles/jquery.bubblepopup.css"/>
        	<file href="common/styles/jquery.jscrollpane.css"/>
        	<file href="common/styles/jquery-ui.css"/>
        	<file href="common/styles/menu.css"/>
        	<file href="common/styles/scholar2.css"/>
        	<file href="common/styles/media_tabs.css"/>
        	<file href="common/scripts/bubble-popup-offline.js"/>
        	<file href="common/scripts/jquery.js"/>
        	<file href="common/scripts/ocw-media-utils.js"/>
        	<file href="common/scripts/ocw-media-utils-offline.js"/>
        	<file href="common/scripts/highslide-with-gallery.js"/>
        	<file href="common/scripts/jquery.bubblepopup.min.js"/>
        	<file href="common/scripts/jquery.jscrollpane.min.js"/>
        	<file href="common/scripts/jquery-ui.min.js"/>
        	<file href="common/scripts/jQuizMe-uncompressed.js"/>
        	<file href="common/scripts/ocw-offline.js"/>
        	<file href="common/scripts/expandy.js"/>
        	<file href="common/scripts/chart.js"/>
        	<file href="common/scripts/jquery.anythingslider.js"/>
        	<file href="common/images/ocw_mast.png"/>
        	<file href="common/images/button_subscribe.png"/>
        	<file href="common/images/icon_fb.png"/>
        	<file href="common/images/icon_gp.png"/>
        	<file href="common/images/icon_pin.png"/>
        	<file href="common/images/icon_tw.png"/>
        	<file href="common/images/icon-question-ovt.png"/>
        	<file href="common/images/icon-question-svt.png"/>
        	<file href="common/images/icon-question-avt.png"/>
        	<file href="common/images/icon-question-cl.png"/>
        	<file href="common/images/top-nav_home.png"/>
        	<file href="common/images/button_search.png"/>
        	<file href="common/images/bg_top.png"/>
        	<file href="common/images/bg_social.png"/>
        	<file href="common/images/bg_social2.png"/>
        	<file href="common/images/bg_mega-courses.png"/>
        	<file href="common/images/bg_center2.png"/>
        	<file href="common/images/bg_course-nav_current.png"/>
        	<file href="common/images/button_donate-now.png"/>
        	<file href="common/images/logo_mit.png"/>
        	<file href="common/images/logo_ocwc.gif"/>
        	<file href="common/images/cc_by-nc-sa.png"/>
        	<file href="common/images/logo_dow.png"/>
        	<file href="common/images/logo_lockheed.png"/>
        	<file href="common/images/logo_mathworks.png"/>
        	<file href="common/images/logo_abinitio.png"/>
        	<file href="common/images/logo_sapient.png"/>
        	<file href="common/images/bg_bottom.png"/>
        	<file href="common/images/nav_arrow.png"/>
        	<file href="common/images/news-subscibe_bg.png"/>
        	<file href="common/images/black-arrow.gif"/>
        	<file href="common/images/trans.gif"/>
        	<file href="common/images/arrow-bullet.gif"/>
        	<file href="common/images/apple-touch-icon.png"/>
        	<file href="common/images/highslide/graphics/zoomin.cur"/>
        	<file href="common/images/highslide/graphics/zoomout.cur"/>
        	<file href="common/images/highslide/graphics/controlbar2.gif"/>
        	<file href="common/images/highslide/graphics/controlbar3.gif"/>
        	<file href="common/images/highslide/graphics/controlbar4.gif"/>
        	<file href="common/images/highslide/graphics/controlbar4-hover.gif"/>
        	<file href="common/images/highslide/graphics/controlbar-black-border.gif"/>
        	<file href="common/images/highslide/graphics/controlbar-white.gif"/>
        	<file href="common/images/highslide/graphics/controlbar-white-small.gif"/>
        	<file href="common/images/highslide/graphics/fullexpand.gif"/>
        	<file href="common/images/highslide/graphics/icon.gif"/>
        	<file href="common/images/highslide/graphics/loader.gif"/>
        	<file href="common/images/highslide/graphics/loader.white.gif"/>
        	<file href="common/images/highslide/graphics/resize.gif"/>
        	<file href="common/images/highslide/graphics/close.png"/>
        	<file href="common/images/highslide/graphics/closeX.png"/>
        	<file href="common/images/highslide/graphics/controlbar-text-buttons.png"/>
        	<file href="common/images/highslide/graphics/geckodimmer.png"/>
        	<file href="common/images/highslide/graphics/scrollarrows.png"/>
        	<file href="common/images/highslide/graphics/outlines/beveled.png"/>
        	<file href="common/images/highslide/graphics/outlines/drop-shadow.png"/>
        	<file href="common/images/highslide/graphics/outlines/glossy-dark.png"/>
        	<file href="common/images/highslide/graphics/outlines/outer-glow.png"/>
        	<file href="common/images/highslide/graphics/outlines/rounded-black.png"/>
        	<file href="common/images/highslide/graphics/outlines/rounded-white.png"/>
        	<file href="common/images/highslide/graphics/outlines/Outlines.psd"/>
        	<file href="common/images/button_continue.jpg"/>
        	<file href="common/images/button_donate.jpg"/>
        	<file href="common/images/button_start.jpg"/>
        	<file href="common/images/scholar_bar_chp.png"/>
        	<file href="common/images/scholar_bar.png"/>
        	<file href="common/images/logo_pdf.jpg"/>
        	<file href="common/images/h2_trigger_open_close.gif"/>
        	<file href="common/images/bookmark.gif"/>
        	<file href="common/images/check.png"/>
        	<file href="common/images/lightbulb.png"/>
        	<file href="common/images/audio_file.gif"/>
        	<file href="common/images/audio_only_slate.gif"/>
        	<file href="common/images/video_file.gif"/>
        	<file href="common/images/back-5.png"/>
        	<file href="common/images/btn_next_resource.png"/>
        	<file href="common/images/btn_previous_resource.png"/>
        	<file href="common/images/close.png"/>
        	<file href="common/images/inacessible.gif"/>
        	<file href="common/images/jquerybubblepopup-theme/grey/ie/bottom-left.gif"/>
        	<file href="common/images/jquerybubblepopup-theme/grey/ie/bottom-middle.gif"/>
        	<file href="common/images/jquerybubblepopup-theme/grey/ie/bottom-right.gif"/>
        	<file href="common/images/jquerybubblepopup-theme/grey/ie/middle-left.gif"/>
        	<file href="common/images/jquerybubblepopup-theme/grey/ie/middle-right.gif"/>
        	<file href="common/images/jquerybubblepopup-theme/grey/ie/tail-bottom.gif"/>
        	<file href="common/images/jquerybubblepopup-theme/grey/ie/tail-left.gif"/>
        	<file href="common/images/jquerybubblepopup-theme/grey/ie/tail-right.gif"/>
        	<file href="common/images/jquerybubblepopup-theme/grey/ie/tail-top.gif"/>
        	<file href="common/images/jquerybubblepopup-theme/grey/ie/top-left.gif"/>
        	<file href="common/images/jquerybubblepopup-theme/grey/ie/top-middle.gif"/>
        	<file href="common/images/jquerybubblepopup-theme/grey/ie/top-right.gif"/>
        	<file href="common/images/jquerybubblepopup-theme/grey/bottom-left.png"/>
        	<file href="common/images/jquerybubblepopup-theme/grey/bottom-middle.png"/>
        	<file href="common/images/jquerybubblepopup-theme/grey/bottom-right.png"/>
        	<file href="common/images/jquerybubblepopup-theme/grey/middle-left.png"/>
        	<file href="common/images/jquerybubblepopup-theme/grey/middle-right.png"/>
        	<file href="common/images/jquerybubblepopup-theme/grey/tail-bottom.png"/>
        	<file href="common/images/jquerybubblepopup-theme/grey/tail-left.png"/>
        	<file href="common/images/jquerybubblepopup-theme/grey/tail-right.png"/>
        	<file href="common/images/jquerybubblepopup-theme/grey/tail-top.png"/>
        	<file href="common/images/jquerybubblepopup-theme/grey/top-left.png"/>
        	<file href="common/images/jquerybubblepopup-theme/grey/top-middle.png"/>
        	<file href="common/images/jquerybubblepopup-theme/grey/top-right.png"/>
        	<file href="common/images/educator/classroom_next.png"/>
        	<file href="common/images/educator/classroom_next_dim.png"/>
        	<file href="common/images/educator/classroom_prev.png"/>
        	<file href="common/images/educator/classroom_prev_dim.png"/>
        	<file href="common/images/educator/edu_b-blank.png"/>
        	<file href="common/images/educator/edu_b-blank-key.png"/>
        	<file href="common/images/educator/edu_b-duedate.png"/>
        	<file href="common/images/educator/edu_b-duedate-key.png"/>
        	<file href="common/images/educator/edu_b-exam.png"/>
        	<file href="common/images/educator/edu_b-exam-key.png"/>
        	<file href="common/images/educator/edu_b-lab.png"/>
        	<file href="common/images/educator/edu_b-lab-key.png"/>
        	<file href="common/images/educator/edu_b-lab-team.png"/>
        	<file href="common/images/educator/edu_b-lab-duedate.png"/>
        	<file href="common/images/educator/edu_b-leclab.png"/>
        	<file href="common/images/educator/edu_b-leclab-key.png"/>
        	<file href="common/images/educator/edu_b-lecture.png"/>
        	<file href="common/images/educator/edu_b-lecture-duedate.png"/>
        	<file href="common/images/educator/edu_b-lecture-exam.png"/>
        	<file href="common/images/educator/edu_b-lecture-key.png"/>
        	<file href="common/images/educator/edu_b-lecture-lunch.png"/>
        	<file href="common/images/educator/edu_b-lecture-preslab.png"/>
        	<file href="common/images/educator/edu_b-lecture-quiz.png"/>
        	<file href="common/images/educator/edu_b-lecture-team.png"/>
        	<file href="common/images/educator/edu_b-lecrec-key.png"/>
        	<file href="common/images/educator/edu_b-leclab-duedate.png"/>
        	<file href="common/images/educator/edu_b-lecrec.png"/>
        	<file href="common/images/educator/edu_b-lecrec-duedate.png"/>
        	<file href="common/images/educator/edu_b-noclass-quiz.png"/>
        	<file href="common/images/educator/edu_b-lunch.png"/>
        	<file href="common/images/educator/edu_b-lunch-key.png"/>
        	<file href="common/images/educator/edu_b-noclass.png"/>
        	<file href="common/images/educator/edu_b-noclass-duedate.png"/>
        	<file href="common/images/educator/edu_b-noclass-exam.png"/>
        	<file href="common/images/educator/edu_b-noclass-key.png"/>
        	<file href="common/images/educator/edu_b-office.png"/>
        	<file href="common/images/educator/edu_b-office-key.png"/>
        	<file href="common/images/educator/edu_b-present.png"/>
        	<file href="common/images/educator/edu_b-present-duedate.png"/>
        	<file href="common/images/educator/edu_b-present-key.png"/>
        	<file href="common/images/educator/edu_b-preslab.png"/>
        	<file href="common/images/educator/edu_b-preslab-key.png"/>
        	<file href="common/images/educator/edu_b-quiz-key.png"/>
        	<file href="common/images/educator/edu_b-reclab-key.png"/>
        	<file href="common/images/educator/edu_b-reclab-concert.png"/>
        	<file href="common/images/educator/edu_b-reclab.png"/>
        	<file href="common/images/educator/edu_b-noclass-concert.png"/>
        	<file href="common/images/educator/edu_b-leclab-concert.png"/>
        	<file href="common/images/educator/edu_b-concert-key.png"/>
        	<file href="common/images/educator/edu_b-concert.png"/>
        	<file href="common/images/educator/edu_b-recitation.png"/>
        	<file href="common/images/educator/edu_b-recitation-duedate.png"/>
        	<file href="common/images/educator/edu_b-recitation-exam.png"/>
        	<file href="common/images/educator/edu_b-recitation-key.png"/>
        	<file href="common/images/educator/edu_b-team.png"/>
        	<file href="common/images/educator/edu_b-team-key.png"/>
        	<file href="common/images/educator/edu_b-team-preslab.png"/>
        	<file href="common/images/educator/edu_b-work.png"/>
        	<file href="common/images/educator/edu_b-work-key.png"/>
        	<file href="common/images/educator/icon-question-cih.png"/>
        	<file href="common/images/educator/icon-question-cihw.png"/>
        	<file href="common/images/educator/icon-question-cim.png"/>
        	<file href="common/images/educator/icon-question-collab.png"/>
        	<file href="common/images/educator/icon-question-coop.png"/>
        	<file href="common/images/educator/icon-question-fas.png"/>
        	<file href="common/images/educator/icon-question-gir.png"/>
        	<file href="common/images/educator/icon-question-hass.png"/>
        	<file href="common/images/educator/icon-question-hass-s.png"/>
        	<file href="common/images/educator/icon-question-iap.png"/>
        	<file href="common/images/educator/icon-question-lab.png"/>
        	<file href="common/images/educator/icon-question-urop.png"/>
        	<file href="common/images/educator/icon-question-active.png"/>
        	<file href="common/images/educator/icon-question-clickq.png"/>
        	<file href="common/images/educator/icon-question-conq.png"/>
        	<file href="common/images/educator/icon-question-flip.png"/>
        	<file href="common/images/educator/icon-question-form.png"/>
        	<file href="common/images/educator/icon-question-immed.png"/>
        	<file href="common/images/educator/icon-question-learn.png"/>
        	<file href="common/images/educator/icon-question-ped.png"/>
        	<file href="common/images/educator/icon-question-readq.png"/>
        	<file href="common/images/educator/icon-question-service.png"/>
        	<file href="common/images/educator/icon-question-sum.png"/>
        	<file href="common/webfonts/TitilliumText22L002-webfont.woff"/>
        	<file href="common/webfonts/TitilliumText22L002-webfont.ttf"/>
        	<file href="common/webfonts/TitilliumText22L002-webfont.svg"/>
        	<file href="common/webfonts/TitilliumText22L002-webfont.eot"/>
        	<file href="common/webfonts/TitilliumText22L003-webfont.woff"/>
        	<file href="common/webfonts/TitilliumText22L003-webfont.ttf"/>
        	<file href="common/webfonts/TitilliumText22L003-webfont.eot"/>
        	<file href="common/webfonts/TitilliumText22L003-webfont.svg"/>
        	<file href="common/webfonts/TitilliumText22L005-webfont.woff"/>
        	<file href="common/webfonts/TitilliumText22L005-webfont.ttf"/>
        	<file href="common/webfonts/TitilliumText22L005-webfont.svg"/>
        	<file href="common/webfonts/TitilliumText22L005-webfont.eot"/>
        </resource>        
  </resources>
</manifest>
