<?xml version="1.0" encoding="utf-8" ?>
<manifest xmlns="http://www.imsglobal.org/xsd/imscp_v1p1"
          xmlns:xsi="http://www.w3.org/2001/XMLSchema-instance"
          xmlns:adlcp="http://www.adlnet.org/xsd/adlcp_rootv1p2"
          xmlns:cwsp="http://www.dspace.org/xmlns/cwspace_imscp"
          xmlns:ocw="http://ocw.mit.edu/xmlns/ocw_imscp"
          xmlns:lom="http://ocw.mit.edu/xmlns/LOM"
          identifier="urn_edu.mit.ocw_6-170-laboratory-in-software-engineering-fall-2005"
          version="2016-5-27T6:54:47"
          cwsp:packageType="Course"
          xml:base="6-170-fall-2005/"
          xsi:schemaLocation="http://www.imsglobal.org/xsd/imscp_v1p1 http://www.imsglobal.org/xsd/imscp_v1p1.xsd  http://www.adlnet.org/xsd/adlcp_rootv1p2 http://www.adlnet.org/xsd/adlcp_rootv1p2.xsd http://www.dspace.org/xmlns/cwspace_imscp http://www.dspace.org/xsd/cwspace_imscp/version10/cwspace_imscpv10.xsd http://ocw.mit.edu/xmlns/ocw_imscp http://ocw.mit.edu/xsd/ocw_imscp/version10/ocw_imscpv10.xsd http://ocw.mit.edu/xmlns/LOM http://ocw.mit.edu/xsd/LOM/lomv1.0/lomv1.0.xsd">
   	<metadata>
   		<schema>IMS Content</schema>
        <schemaversion>1.1</schemaversion>
        <cwsp:packageMetadata>
            <cwsp:sourceSystem>OCW</cwsp:sourceSystem>
            <cwsp:profile>CWSpace</cwsp:profile>
            <cwsp:profileVersion>0.1</cwsp:profileVersion>
        </cwsp:packageMetadata>
        <lom:general uniqueElementName="general">
            <lom:title uniqueElementName="title">
				<lom:string language="en">Laboratory in Software Engineering</lom:string>
			</lom:title>
			<lom:identifier>
				<lom:catalog uniqueElementName="catalog">OCW Master Course Number</lom:catalog>
		      	<lom:entry uniqueElementName="entry">6.170</lom:entry>
			</lom:identifier>
        </lom:general>
        <lom:lifecycle uniqueElementName="lifeCycle">
            <lom:version uniqueElementName="version">
				<lom:string language="en">Fall 2005</lom:string>
			</lom:version>
            <lom:contribute>
	            <lom:role>
	                <lom:source uniqueElementName="source">OCW_LOMv1.0</lom:source>
	                <lom:value uniqueElementName="value">Author</lom:value>
	            </lom:role>
	            <lom:entity>Jackson, Daniel</lom:entity>
	            <lom:date uniqueElementName="date">
	                <lom:dateTime uniqueElementName="dateTime">2016-5-27</lom:dateTime>
	            </lom:date>
        	</lom:contribute>
            <lom:contribute>
	            <lom:role>
	                <lom:source uniqueElementName="source">OCW_LOMv1.0</lom:source>
	                <lom:value uniqueElementName="value">Author</lom:value>
	            </lom:role>
	            <lom:entity>Devadas, Srinivas</lom:entity>
	            <lom:date uniqueElementName="date">
	                <lom:dateTime uniqueElementName="dateTime">2016-5-27</lom:dateTime>
	            </lom:date>
        	</lom:contribute>
        </lom:lifecycle>
        <lom:relation uniqueElementName="relation">
        	<lom:kind uniqueElementName="kind">
        		<lom:source uniqueElementName="source">OCW_LOMv1.0</lom:source>
        		<lom:value uniqueElementName="value">hasversion</lom:value>
        	</lom:kind>
        	<lom:resource uniqueElementName="resource">
        		<lom:identifier>
        			<lom:catalog uniqueElementName="catalog">URI</lom:catalog>
        			<lom:entry uniqueElementName="entry">http://www.core.org.cn/OcwWeb/Electrical-Engineering-and-Computer-Science/6-170Laboratory-in-Software-EngineeringFall2001/CourseHome/index.htm</lom:entry>
        		</lom:identifier>
        		<lom:description uniqueElementName="description">
        			<lom:string language="en"></lom:string>
        		</lom:description>
        	</lom:resource>
        </lom:relation>
        <lom:relation uniqueElementName="relation">
        	<lom:kind uniqueElementName="kind">
        		<lom:source uniqueElementName="source">OCW_LOMv1.0</lom:source>
        		<lom:value uniqueElementName="value">hasversion</lom:value>
        	</lom:kind>
        	<lom:resource uniqueElementName="resource">
        		<lom:identifier>
        			<lom:catalog uniqueElementName="catalog">URI</lom:catalog>
        			<lom:entry uniqueElementName="entry">http://mit.universia.com.br/curso.jsp?codcurso=6</lom:entry>
        		</lom:identifier>
        		<lom:description uniqueElementName="description">
        			<lom:string language="en"></lom:string>
        		</lom:description>
        	</lom:resource>
        </lom:relation>
        <lom:relation uniqueElementName="relation">
        	<lom:kind uniqueElementName="kind">
        		<lom:source uniqueElementName="source">OCW_LOMv1.0</lom:source>
        		<lom:value uniqueElementName="value">hasversion</lom:value>
        	</lom:kind>
        	<lom:resource uniqueElementName="resource">
        		<lom:identifier>
        			<lom:catalog uniqueElementName="catalog">URI</lom:catalog>
        			<lom:entry uniqueElementName="entry">http://mit.ocw.universia.net/6.170/6.170/f01/index.html</lom:entry>
        		</lom:identifier>
        		<lom:description uniqueElementName="description">
        			<lom:string language="en"></lom:string>
        		</lom:description>
        	</lom:resource>
        </lom:relation>
        <lom:relation uniqueElementName="relation">
        	<lom:kind uniqueElementName="kind">
        		<lom:source uniqueElementName="source">OCW_LOMv1.0</lom:source>
        		<lom:value uniqueElementName="value">isbasedon</lom:value>
        	</lom:kind>
        	<lom:resource uniqueElementName="resource">
        		<lom:identifier>
        			<lom:catalog uniqueElementName="catalog">URI</lom:catalog>
        			<lom:entry uniqueElementName="entry">http://hdl.handle.net/1721.1/35275</lom:entry>
        		</lom:identifier>
        		<lom:description uniqueElementName="description">
        			<lom:string language="en">Previous version of the course</lom:string>
        		</lom:description>
        	</lom:resource>
        </lom:relation>
        <lom:taxonPath>
            <lom:source uniqueElementName="source">
                <lom:string language="en">OCW Course Topics</lom:string>
            </lom:source>
            <lom:taxon>
                <lom:entry uniqueElementName="entry">
                    <lom:string language="en">Engineering</lom:string>
                </lom:entry>
            </lom:taxon>
            <lom:taxon>
                <lom:entry uniqueElementName="entry">
                    <lom:string language="en">Computer Science</lom:string>
                </lom:entry>
            </lom:taxon>
            <lom:taxon>
                <lom:entry uniqueElementName="entry">
                    <lom:string language="en">Software Design and Engineering</lom:string>
                </lom:entry>
            </lom:taxon>
        </lom:taxonPath>        
        <adlcp:location>contents/index.htm.xml</adlcp:location>
    </metadata>
    <organizations default="ocw_6-170-laboratory-in-software-engineering-fall-2005">
        <organization identifier="ocw_6-170-laboratory-in-software-engineering-fall-2005">
            <title>Laboratory in Software Engineering</title>
            <item identifier="i_6-170-laboratory-in-software-engineering-fall-2005.CourseHome"
                  identifierref="r_contents.index.htm"
                  ocw:sectionTemplateType="CourseHomePage"
                  ocw:sectionTemplateVersion="2016-5-27">
				<title>Laboratory in Software Engineering</title>
				<item identifier="i_6-170-laboratory-in-software-engineering-fall-2005.6-170f05.jpg"
          identifierref="r_contents.6-170f05.jpg">
				<title>6-170f05.jpg</title>
				</item>
				<item identifier="i_6-170-laboratory-in-software-engineering-fall-2005.6-170f05-th.jpg"
          identifierref="r_contents.6-170f05-th.jpg">
				<title>6-170f05-th.jpg</title>
				</item>
			</item>
            <item identifier="i_6-170-laboratory-in-software-engineering-fall-2005.syllabus"
                  identifierref="r_contents.syllabus.index.htm"
                  ocw:sectionTemplateType="CourseSection"
                  ocw:sectionTemplateVersion="2016-5-27">
				<title>Syllabus</title>
			</item>
            <item identifier="i_6-170-laboratory-in-software-engineering-fall-2005.calendar"
                  identifierref="r_contents.calendar.index.htm"
                  ocw:sectionTemplateType="CourseSection"
                  ocw:sectionTemplateVersion="2016-5-27">
				<title>Calendar</title>
			</item>
            <item identifier="i_6-170-laboratory-in-software-engineering-fall-2005.readings"
                  identifierref="r_contents.readings.index.htm"
                  ocw:sectionTemplateType="CourseSection"
                  ocw:sectionTemplateVersion="2016-5-27">
				<title>Readings</title>
			</item>
            <item identifier="i_6-170-laboratory-in-software-engineering-fall-2005.lecture-notes"
                  identifierref="r_contents.lecture-notes.index.htm"
                  ocw:sectionTemplateType="CourseSection"
                  ocw:sectionTemplateVersion="2016-5-27">
				<title>Lecture Notes</title>
				<item identifier="i_6-170-laboratory-in-software-engineering-fall-2005.lecture-notes.lec3.pdf"
          identifierref="r_contents.lecture-notes.lec3.pdf">
				<title>lec3.pdf</title>
				</item>
				<item identifier="i_6-170-laboratory-in-software-engineering-fall-2005.lecture-notes.lec16.pdf"
          identifierref="r_contents.lecture-notes.lec16.pdf">
				<title>lec16.pdf</title>
				</item>
				<item identifier="i_6-170-laboratory-in-software-engineering-fall-2005.lecture-notes.lec2.pdf"
          identifierref="r_contents.lecture-notes.lec2.pdf">
				<title>lec2.pdf</title>
				</item>
				<item identifier="i_6-170-laboratory-in-software-engineering-fall-2005.lecture-notes.lec14.pdf"
          identifierref="r_contents.lecture-notes.lec14.pdf">
				<title>lec14.pdf</title>
				</item>
				<item identifier="i_6-170-laboratory-in-software-engineering-fall-2005.lecture-notes.lec18.pdf"
          identifierref="r_contents.lecture-notes.lec18.pdf">
				<title>lec18.pdf</title>
				</item>
				<item identifier="i_6-170-laboratory-in-software-engineering-fall-2005.lecture-notes.lec19.pdf"
          identifierref="r_contents.lecture-notes.lec19.pdf">
				<title>lec19.pdf</title>
				</item>
				<item identifier="i_6-170-laboratory-in-software-engineering-fall-2005.lecture-notes.lec21.pdf"
          identifierref="r_contents.lecture-notes.lec21.pdf">
				<title>lec21.pdf</title>
				</item>
				<item identifier="i_6-170-laboratory-in-software-engineering-fall-2005.lecture-notes.lec20.pdf"
          identifierref="r_contents.lecture-notes.lec20.pdf">
				<title>lec20.pdf</title>
				</item>
				<item identifier="i_6-170-laboratory-in-software-engineering-fall-2005.lecture-notes.lec1.pdf"
          identifierref="r_contents.lecture-notes.lec1.pdf">
				<title>lec1.pdf</title>
				</item>
				<item identifier="i_6-170-laboratory-in-software-engineering-fall-2005.lecture-notes.lec6_summary.pdf"
          identifierref="r_contents.lecture-notes.lec6_summary.pdf">
				<title>lec6_summary.pdf</title>
				</item>
				<item identifier="i_6-170-laboratory-in-software-engineering-fall-2005.lecture-notes.lec5.pdf"
          identifierref="r_contents.lecture-notes.lec5.pdf">
				<title>lec5.pdf</title>
				</item>
				<item identifier="i_6-170-laboratory-in-software-engineering-fall-2005.lecture-notes.lec17.pdf"
          identifierref="r_contents.lecture-notes.lec17.pdf">
				<title>lec17.pdf</title>
				</item>
				<item identifier="i_6-170-laboratory-in-software-engineering-fall-2005.lecture-notes.lec10.pdf"
          identifierref="r_contents.lecture-notes.lec10.pdf">
				<title>lec10.pdf</title>
				</item>
				<item identifier="i_6-170-laboratory-in-software-engineering-fall-2005.lecture-notes.lec15.pdf"
          identifierref="r_contents.lecture-notes.lec15.pdf">
				<title>lec15.pdf</title>
				</item>
				<item identifier="i_6-170-laboratory-in-software-engineering-fall-2005.lecture-notes.lec6.pdf"
          identifierref="r_contents.lecture-notes.lec6.pdf">
				<title>lec6.pdf</title>
				</item>
				<item identifier="i_6-170-laboratory-in-software-engineering-fall-2005.lecture-notes.lec4.pdf"
          identifierref="r_contents.lecture-notes.lec4.pdf">
				<title>lec4.pdf</title>
				</item>
				<item identifier="i_6-170-laboratory-in-software-engineering-fall-2005.lecture-notes.lec12.pdf"
          identifierref="r_contents.lecture-notes.lec12.pdf">
				<title>lec12.pdf</title>
				</item>
				<item identifier="i_6-170-laboratory-in-software-engineering-fall-2005.lecture-notes.lec11.pdf"
          identifierref="r_contents.lecture-notes.lec11.pdf">
				<title>lec11.pdf</title>
				</item>
				<item identifier="i_6-170-laboratory-in-software-engineering-fall-2005.lecture-notes.lec7.pdf"
          identifierref="r_contents.lecture-notes.lec7.pdf">
				<title>lec7.pdf</title>
				</item>
				<item identifier="i_6-170-laboratory-in-software-engineering-fall-2005.lecture-notes.lec9.pdf"
          identifierref="r_contents.lecture-notes.lec9.pdf">
				<title>lec9.pdf</title>
				</item>
				<item identifier="i_6-170-laboratory-in-software-engineering-fall-2005.lecture-notes.lec8.pdf"
          identifierref="r_contents.lecture-notes.lec8.pdf">
				<title>lec8.pdf</title>
				</item>
			</item>
            <item identifier="i_6-170-laboratory-in-software-engineering-fall-2005.recitations"
                  identifierref="r_contents.recitations.index.htm"
                  ocw:sectionTemplateType="CourseSection"
                  ocw:sectionTemplateVersion="2016-5-27">
				<title>Recitations</title>
				<item identifier="i_6-170-laboratory-in-software-engineering-fall-2005.recitations.recitation6.pdf"
          identifierref="r_contents.recitations.recitation6.pdf">
				<title>recitation6.pdf</title>
				</item>
				<item identifier="i_6-170-laboratory-in-software-engineering-fall-2005.recitations.recitation2.pdf"
          identifierref="r_contents.recitations.recitation2.pdf">
				<title>recitation2.pdf</title>
				</item>
				<item identifier="i_6-170-laboratory-in-software-engineering-fall-2005.recitations.recitation4.pdf"
          identifierref="r_contents.recitations.recitation4.pdf">
				<title>recitation4.pdf</title>
				</item>
				<item identifier="i_6-170-laboratory-in-software-engineering-fall-2005.recitations.rec1_spec_test.pdf"
          identifierref="r_contents.recitations.rec1_spec_test.pdf">
				<title>rec1_spec_test.pdf</title>
				</item>
				<item identifier="i_6-170-laboratory-in-software-engineering-fall-2005.recitations.recitation5.pdf"
          identifierref="r_contents.recitations.recitation5.pdf">
				<title>recitation5.pdf</title>
				</item>
				<item identifier="i_6-170-laboratory-in-software-engineering-fall-2005.recitations.recitation3.pdf"
          identifierref="r_contents.recitations.recitation3.pdf">
				<title>recitation3.pdf</title>
				</item>
			</item>
            <item identifier="i_6-170-laboratory-in-software-engineering-fall-2005.assignments"
                  identifierref="r_contents.assignments.index.htm"
                  ocw:sectionTemplateType="CourseSection"
                  ocw:sectionTemplateVersion="2016-5-27">
				<title>Assignments</title>
				<item identifier="i_6-170-laboratory-in-software-engineering-fall-2005.assignments.6_170_eclip_ref.pdf"
          identifierref="r_contents.assignments.6_170_eclip_ref.pdf">
				<title>6_170_eclip_ref.pdf</title>
				</item>
				<item identifier="i_6-170-laboratory-in-software-engineering-fall-2005.assignments.6_170_success.pdf"
          identifierref="r_contents.assignments.6_170_success.pdf">
				<title>6_170_success.pdf</title>
				</item>
				<item identifier="i_6-170-laboratory-in-software-engineering-fall-2005.assignments.ps5.pdf"
          identifierref="r_contents.assignments.ps5.pdf">
				<title>ps5.pdf</title>
				</item>
				<item identifier="i_6-170-laboratory-in-software-engineering-fall-2005.assignments.ps6.pdf"
          identifierref="r_contents.assignments.ps6.pdf">
				<title>ps6.pdf</title>
				</item>
				<item identifier="i_6-170-laboratory-in-software-engineering-fall-2005.assignments.6170_emacs_ref.pdf"
          identifierref="r_contents.assignments.6170_emacs_ref.pdf">
				<title>6170_emacs_ref.pdf</title>
				</item>
				<item identifier="i_6-170-laboratory-in-software-engineering-fall-2005.assignments.ps4.pdf"
          identifierref="r_contents.assignments.ps4.pdf">
				<title>ps4.pdf</title>
				</item>
				<item identifier="i_6-170-laboratory-in-software-engineering-fall-2005.assignments.ps3.pdf"
          identifierref="r_contents.assignments.ps3.pdf">
				<title>ps3.pdf</title>
				</item>
				<item identifier="i_6-170-laboratory-in-software-engineering-fall-2005.assignments.6_170_pset_proc.pdf"
          identifierref="r_contents.assignments.6_170_pset_proc.pdf">
				<title>6_170_pset_proc.pdf</title>
				</item>
				<item identifier="i_6-170-laboratory-in-software-engineering-fall-2005.assignments.ps0.pdf"
          identifierref="r_contents.assignments.ps0.pdf">
				<title>ps0.pdf</title>
				</item>
				<item identifier="i_6-170-laboratory-in-software-engineering-fall-2005.assignments.hints_ps3.pdf"
          identifierref="r_contents.assignments.hints_ps3.pdf">
				<title>hints_ps3.pdf</title>
				</item>
				<item identifier="i_6-170-laboratory-in-software-engineering-fall-2005.assignments.ps2.pdf"
          identifierref="r_contents.assignments.ps2.pdf">
				<title>ps2.pdf</title>
				</item>
				<item identifier="i_6-170-laboratory-in-software-engineering-fall-2005.assignments.ps1.pdf"
          identifierref="r_contents.assignments.ps1.pdf">
				<title>ps1.pdf</title>
				</item>
				<item identifier="i_6-170-laboratory-in-software-engineering-fall-2005.assignments.ps0.zip"
          identifierref="r_contents.assignments.ps0.zip">
				<title>ps0.zip</title>
				</item>
				<item identifier="i_6-170-laboratory-in-software-engineering-fall-2005.assignments.ps1.zip"
          identifierref="r_contents.assignments.ps1.zip">
				<title>ps1.zip</title>
				</item>
				<item identifier="i_6-170-laboratory-in-software-engineering-fall-2005.assignments.ps2.zip"
          identifierref="r_contents.assignments.ps2.zip">
				<title>ps2.zip</title>
				</item>
				<item identifier="i_6-170-laboratory-in-software-engineering-fall-2005.assignments.ps3.zip"
          identifierref="r_contents.assignments.ps3.zip">
				<title>ps3.zip</title>
				</item>
				<item identifier="i_6-170-laboratory-in-software-engineering-fall-2005.assignments.ps4.zip"
          identifierref="r_contents.assignments.ps4.zip">
				<title>ps4.zip</title>
				</item>
				<item identifier="i_6-170-laboratory-in-software-engineering-fall-2005.assignments.ps5.zip"
          identifierref="r_contents.assignments.ps5.zip">
				<title>ps5.zip</title>
				</item>
				<item identifier="i_6-170-laboratory-in-software-engineering-fall-2005.assignments.ps6.zip"
          identifierref="r_contents.assignments.ps6.zip">
				<title>ps6.zip</title>
				</item>
			</item>
            <item identifier="i_6-170-laboratory-in-software-engineering-fall-2005.exams"
                  identifierref="r_contents.exams.index.htm"
                  ocw:sectionTemplateType="CourseSection"
                  ocw:sectionTemplateVersion="2016-5-27">
				<title>Exams</title>
			</item>
            <item identifier="i_6-170-laboratory-in-software-engineering-fall-2005.projects"
                  identifierref="r_contents.projects.index.htm"
                  ocw:sectionTemplateType="CourseSection"
                  ocw:sectionTemplateVersion="2016-5-27">
				<title>Projects</title>
				<item identifier="i_6-170-laboratory-in-software-engineering-fall-2005.projects.6_170_amend_rss.pdf"
          identifierref="r_contents.projects.6_170_amend_rss.pdf">
				<title>6_170_amend_rss.pdf</title>
				</item>
				<item identifier="i_6-170-laboratory-in-software-engineering-fall-2005.projects.6_170_amend_giz.pdf"
          identifierref="r_contents.projects.6_170_amend_giz.pdf">
				<title>6_170_amend_giz.pdf</title>
				</item>
				<item identifier="i_6-170-laboratory-in-software-engineering-fall-2005.projects.6_170_gizmoball.pdf"
          identifierref="r_contents.projects.6_170_gizmoball.pdf">
				<title>6_170_gizmoball.pdf</title>
				</item>
				<item identifier="i_6-170-laboratory-in-software-engineering-fall-2005.projects.6_170_rss_cleint.pdf"
          identifierref="r_contents.projects.6_170_rss_cleint.pdf">
				<title>6_170_rss_cleint.pdf</title>
				</item>
				<item identifier="i_6-170-laboratory-in-software-engineering-fall-2005.projects.gizmoball.zip"
          identifierref="r_contents.projects.gizmoball.zip">
				<title>gizmoball.zip</title>
				</item>
			</item>
            <item identifier="i_6-170-laboratory-in-software-engineering-fall-2005.related-resources"
                  identifierref="r_contents.related-resources.index.htm"
                  ocw:sectionTemplateType="CourseSection"
                  ocw:sectionTemplateVersion="2016-5-27">
				<title>Related Resources</title>
				<item identifier="i_6-170-laboratory-in-software-engineering-fall-2005.related-resources.6_170_diagrams.pdf"
          identifierref="r_contents.related-resources.6_170_diagrams.pdf">
				<title>6.170 : Working at Home</title>
				</item>
				<item identifier="i_6-170-laboratory-in-software-engineering-fall-2005.related-resources.6_170_work_home.pdf"
          identifierref="r_contents.related-resources.6_170_work_home.pdf">
				<title>6.170 Working at Home</title>
				</item>
				<item identifier="i_6-170-laboratory-in-software-engineering-fall-2005.related-resources.6170_omnigraffle.txt"
          identifierref="r_contents.related-resources.6170_omnigraffle.txt">
				<title>6170_omnigraffle.txt</title>
				</item>
				<item identifier="i_6-170-laboratory-in-software-engineering-fall-2005.related-resources.6170_visio.zip"
          identifierref="r_contents.related-resources.6170_visio.zip">
				<title>6170_visio.zip</title>
				</item>
			</item>
            <item identifier="i_terms"
                  identifierref="r_common.terms.index.htm"
                  ocw:sectionTemplateType="GlobalSection"
                  ocw:sectionTemplateVersion="2016-5-27">
				<title>Legal Notices</title>
			</item>
            <item identifier="i_terms"
                  identifierref="r_common.terms.index.htm"
                  ocw:sectionTemplateType="GlobalSection"
                  ocw:sectionTemplateVersion="2016-5-27">
				<title>Privacy Statement</title>
			</item>
            <item identifier="i_terms.trademarks"
                  identifierref="r_common.terms.trademarks.index.htm"
                  ocw:sectionTemplateType="GlobalSection"
                  ocw:sectionTemplateVersion="2016-5-27">
				<title>Trademark Notices</title>
			</item>
        </organization>
    </organizations>
    <resources>
        <resource identifier="r_contents.lecture-notes.lec12.pdf"
                  type="other"
                  href="contents/lecture-notes/lec12.pdf">
            <metadata>
                <adlcp:location>contents/lecture-notes/lec12.pdf.xml</adlcp:location>
            </metadata>
            <file href="contents/lecture-notes/lec12.pdf"/>
                        
        </resource>
        <resource identifier="r_contents.lecture-notes.lec15.pdf"
                  type="other"
                  href="contents/lecture-notes/lec15.pdf">
            <metadata>
                <adlcp:location>contents/lecture-notes/lec15.pdf.xml</adlcp:location>
            </metadata>
            <file href="contents/lecture-notes/lec15.pdf"/>
                        
        </resource>
        <resource identifier="r_contents.assignments.ps0.pdf"
                  type="other"
                  href="contents/assignments/ps0.pdf">
            <metadata>
                <adlcp:location>contents/assignments/ps0.pdf.xml</adlcp:location>
            </metadata>
            <file href="contents/assignments/ps0.pdf"/>
                        
        </resource>
        <resource identifier="r_contents.assignments.ps2.pdf"
                  type="other"
                  href="contents/assignments/ps2.pdf">
            <metadata>
                <adlcp:location>contents/assignments/ps2.pdf.xml</adlcp:location>
            </metadata>
            <file href="contents/assignments/ps2.pdf"/>
                        
        </resource>
        <resource identifier="r_contents.lecture-notes.lec3.pdf"
                  type="other"
                  href="contents/lecture-notes/lec3.pdf">
            <metadata>
                <adlcp:location>contents/lecture-notes/lec3.pdf.xml</adlcp:location>
            </metadata>
            <file href="contents/lecture-notes/lec3.pdf"/>
                        
        </resource>
        <resource identifier="r_contents.assignments.index.htm"
                  type="webcontent"
                  href="contents/assignments/index.htm">
            <metadata>
                <adlcp:location>contents/assignments/index.htm.xml</adlcp:location>
            </metadata>
            <file href="contents/assignments/index.htm"/>
            <dependency identifierref="webrenderrequirements.6-170-laboratory-in-software-engineering-fall-2005"/>            
        </resource>
        <resource identifier="r_contents.syllabus.index.htm"
                  type="webcontent"
                  href="contents/syllabus/index.htm">
            <metadata>
                <adlcp:location>contents/syllabus/index.htm.xml</adlcp:location>
            </metadata>
            <file href="contents/syllabus/index.htm"/>
            <dependency identifierref="webrenderrequirements.6-170-laboratory-in-software-engineering-fall-2005"/>            
        </resource>
        <resource identifier="r_contents.lecture-notes.lec9.pdf"
                  type="other"
                  href="contents/lecture-notes/lec9.pdf">
            <metadata>
                <adlcp:location>contents/lecture-notes/lec9.pdf.xml</adlcp:location>
            </metadata>
            <file href="contents/lecture-notes/lec9.pdf"/>
                        
        </resource>
        <resource identifier="r_contents.assignments.6170_emacs_ref.pdf"
                  type="other"
                  href="contents/assignments/6170_emacs_ref.pdf">
            <metadata>
                <adlcp:location>contents/assignments/6170_emacs_ref.pdf.xml</adlcp:location>
            </metadata>
            <file href="contents/assignments/6170_emacs_ref.pdf"/>
                        
        </resource>
        <resource identifier="r_contents.calendar.index.htm"
                  type="webcontent"
                  href="contents/calendar/index.htm">
            <metadata>
                <adlcp:location>contents/calendar/index.htm.xml</adlcp:location>
            </metadata>
            <file href="contents/calendar/index.htm"/>
            <dependency identifierref="webrenderrequirements.6-170-laboratory-in-software-engineering-fall-2005"/>            
        </resource>
        <resource identifier="r_contents.lecture-notes.lec4.pdf"
                  type="other"
                  href="contents/lecture-notes/lec4.pdf">
            <metadata>
                <adlcp:location>contents/lecture-notes/lec4.pdf.xml</adlcp:location>
            </metadata>
            <file href="contents/lecture-notes/lec4.pdf"/>
                        
        </resource>
        <resource identifier="r_contents.assignments.ps4.zip"
                  type="other"
                  href="contents/assignments/ps4.zip">
            <metadata>
                <adlcp:location>contents/assignments/ps4.zip.xml</adlcp:location>
            </metadata>
            <file href="contents/assignments/ps4.zip"/>
                        
        </resource>
        <resource identifier="r_contents.related-resources.6170_visio.zip"
                  type="other"
                  href="contents/related-resources/6170_visio.zip">
            <metadata>
                <adlcp:location>contents/related-resources/6170_visio.zip.xml</adlcp:location>
            </metadata>
            <file href="contents/related-resources/6170_visio.zip"/>
                        
        </resource>
        <resource identifier="r_contents.lecture-notes.lec10.pdf"
                  type="other"
                  href="contents/lecture-notes/lec10.pdf">
            <metadata>
                <adlcp:location>contents/lecture-notes/lec10.pdf.xml</adlcp:location>
            </metadata>
            <file href="contents/lecture-notes/lec10.pdf"/>
                        
        </resource>
        <resource identifier="r_contents.related-resources.6_170_diagrams.pdf"
                  type="other"
                  href="contents/related-resources/6_170_diagrams.pdf">
            <metadata>
                <adlcp:location>contents/related-resources/6_170_diagrams.pdf.xml</adlcp:location>
            </metadata>
            <file href="contents/related-resources/6_170_diagrams.pdf"/>
                        
        </resource>
        <resource identifier="r_contents.index.htm"
                  type="webcontent"
                  href="contents/index.htm">
            <metadata>
                <adlcp:location>contents/index.htm.xml</adlcp:location>
            </metadata>
            <file href="contents/index.htm"/>
            <dependency identifierref="webrenderrequirements.6-170-laboratory-in-software-engineering-fall-2005"/>            
        </resource>
        <resource identifier="r_contents.lecture-notes.lec11.pdf"
                  type="other"
                  href="contents/lecture-notes/lec11.pdf">
            <metadata>
                <adlcp:location>contents/lecture-notes/lec11.pdf.xml</adlcp:location>
            </metadata>
            <file href="contents/lecture-notes/lec11.pdf"/>
                        
        </resource>
        <resource identifier="r_contents.6-170f05-th.jpg"
                  type="other"
                  href="contents/6-170f05-th.jpg">
            <metadata>
                <adlcp:location>contents/6-170f05-th.jpg.xml</adlcp:location>
            </metadata>
            <file href="contents/6-170f05-th.jpg"/>
                        
        </resource>
        <resource identifier="r_contents.assignments.ps3.zip"
                  type="other"
                  href="contents/assignments/ps3.zip">
            <metadata>
                <adlcp:location>contents/assignments/ps3.zip.xml</adlcp:location>
            </metadata>
            <file href="contents/assignments/ps3.zip"/>
                        
        </resource>
        <resource identifier="r_contents.projects.6_170_rss_cleint.pdf"
                  type="other"
                  href="contents/projects/6_170_rss_cleint.pdf">
            <metadata>
                <adlcp:location>contents/projects/6_170_rss_cleint.pdf.xml</adlcp:location>
            </metadata>
            <file href="contents/projects/6_170_rss_cleint.pdf"/>
                        
        </resource>
        <resource identifier="r_contents.6-170f05.jpg"
                  type="other" href="contents/6-170f05.jpg">
            <metadata>
                <adlcp:location>contents/6-170f05.jpg.xml</adlcp:location>
            </metadata>
            <file href="contents/6-170f05.jpg"/>
                        
        </resource>
        <resource identifier="r_contents.assignments.ps1.zip"
                  type="other"
                  href="contents/assignments/ps1.zip">
            <metadata>
                <adlcp:location>contents/assignments/ps1.zip.xml</adlcp:location>
            </metadata>
            <file href="contents/assignments/ps1.zip"/>
                        
        </resource>
        <resource identifier="r_contents.recitations.recitation3.pdf"
                  type="other"
                  href="contents/recitations/recitation3.pdf">
            <metadata>
                <adlcp:location>contents/recitations/recitation3.pdf.xml</adlcp:location>
            </metadata>
            <file href="contents/recitations/recitation3.pdf"/>
                        
        </resource>
        <resource identifier="r_contents.lecture-notes.index.htm"
                  type="webcontent"
                  href="contents/lecture-notes/index.htm">
            <metadata>
                <adlcp:location>contents/lecture-notes/index.htm.xml</adlcp:location>
            </metadata>
            <file href="contents/lecture-notes/index.htm"/>
            <dependency identifierref="webrenderrequirements.6-170-laboratory-in-software-engineering-fall-2005"/>            
        </resource>
        <resource identifier="r_contents.lecture-notes.lec1.pdf"
                  type="other"
                  href="contents/lecture-notes/lec1.pdf">
            <metadata>
                <adlcp:location>contents/lecture-notes/lec1.pdf.xml</adlcp:location>
            </metadata>
            <file href="contents/lecture-notes/lec1.pdf"/>
                        
        </resource>
        <resource identifier="r_contents.recitations.recitation6.pdf"
                  type="other"
                  href="contents/recitations/recitation6.pdf">
            <metadata>
                <adlcp:location>contents/recitations/recitation6.pdf.xml</adlcp:location>
            </metadata>
            <file href="contents/recitations/recitation6.pdf"/>
                        
        </resource>
        <resource identifier="r_contents.projects.6_170_amend_rss.pdf"
                  type="other"
                  href="contents/projects/6_170_amend_rss.pdf">
            <metadata>
                <adlcp:location>contents/projects/6_170_amend_rss.pdf.xml</adlcp:location>
            </metadata>
            <file href="contents/projects/6_170_amend_rss.pdf"/>
                        
        </resource>
        <resource identifier="r_contents.lecture-notes.lec21.pdf"
                  type="other"
                  href="contents/lecture-notes/lec21.pdf">
            <metadata>
                <adlcp:location>contents/lecture-notes/lec21.pdf.xml</adlcp:location>
            </metadata>
            <file href="contents/lecture-notes/lec21.pdf"/>
                        
        </resource>
        <resource identifier="r_contents.readings.index.htm"
                  type="webcontent"
                  href="contents/readings/index.htm">
            <metadata>
                <adlcp:location>contents/readings/index.htm.xml</adlcp:location>
            </metadata>
            <file href="contents/readings/index.htm"/>
            <dependency identifierref="webrenderrequirements.6-170-laboratory-in-software-engineering-fall-2005"/>            
        </resource>
        <resource identifier="r_contents.projects.gizmoball.zip"
                  type="other"
                  href="contents/projects/gizmoball.zip">
            <metadata>
                <adlcp:location>contents/projects/gizmoball.zip.xml</adlcp:location>
            </metadata>
            <file href="contents/projects/gizmoball.zip"/>
                        
        </resource>
        <resource identifier="r_contents.lecture-notes.lec17.pdf"
                  type="other"
                  href="contents/lecture-notes/lec17.pdf">
            <metadata>
                <adlcp:location>contents/lecture-notes/lec17.pdf.xml</adlcp:location>
            </metadata>
            <file href="contents/lecture-notes/lec17.pdf"/>
                        
        </resource>
        <resource identifier="r_contents.lecture-notes.lec19.pdf"
                  type="other"
                  href="contents/lecture-notes/lec19.pdf">
            <metadata>
                <adlcp:location>contents/lecture-notes/lec19.pdf.xml</adlcp:location>
            </metadata>
            <file href="contents/lecture-notes/lec19.pdf"/>
                        
        </resource>
        <resource identifier="r_contents.lecture-notes.lec2.pdf"
                  type="other"
                  href="contents/lecture-notes/lec2.pdf">
            <metadata>
                <adlcp:location>contents/lecture-notes/lec2.pdf.xml</adlcp:location>
            </metadata>
            <file href="contents/lecture-notes/lec2.pdf"/>
                        
        </resource>
        <resource identifier="r_contents.assignments.ps5.pdf"
                  type="other"
                  href="contents/assignments/ps5.pdf">
            <metadata>
                <adlcp:location>contents/assignments/ps5.pdf.xml</adlcp:location>
            </metadata>
            <file href="contents/assignments/ps5.pdf"/>
                        
        </resource>
        <resource identifier="r_contents.projects.index.htm"
                  type="webcontent"
                  href="contents/projects/index.htm">
            <metadata>
                <adlcp:location>contents/projects/index.htm.xml</adlcp:location>
            </metadata>
            <file href="contents/projects/index.htm"/>
            <dependency identifierref="webrenderrequirements.6-170-laboratory-in-software-engineering-fall-2005"/>            
        </resource>
        <resource identifier="r_contents.assignments.ps6.zip"
                  type="other"
                  href="contents/assignments/ps6.zip">
            <metadata>
                <adlcp:location>contents/assignments/ps6.zip.xml</adlcp:location>
            </metadata>
            <file href="contents/assignments/ps6.zip"/>
                        
        </resource>
        <resource identifier="r_contents.assignments.6_170_pset_proc.pdf"
                  type="other"
                  href="contents/assignments/6_170_pset_proc.pdf">
            <metadata>
                <adlcp:location>contents/assignments/6_170_pset_proc.pdf.xml</adlcp:location>
            </metadata>
            <file href="contents/assignments/6_170_pset_proc.pdf"/>
                        
        </resource>
        <resource identifier="r_contents.recitations.recitation5.pdf"
                  type="other"
                  href="contents/recitations/recitation5.pdf">
            <metadata>
                <adlcp:location>contents/recitations/recitation5.pdf.xml</adlcp:location>
            </metadata>
            <file href="contents/recitations/recitation5.pdf"/>
                        
        </resource>
        <resource identifier="r_contents.lecture-notes.lec7.pdf"
                  type="other"
                  href="contents/lecture-notes/lec7.pdf">
            <metadata>
                <adlcp:location>contents/lecture-notes/lec7.pdf.xml</adlcp:location>
            </metadata>
            <file href="contents/lecture-notes/lec7.pdf"/>
                        
        </resource>
        <resource identifier="r_contents.assignments.ps6.pdf"
                  type="other"
                  href="contents/assignments/ps6.pdf">
            <metadata>
                <adlcp:location>contents/assignments/ps6.pdf.xml</adlcp:location>
            </metadata>
            <file href="contents/assignments/ps6.pdf"/>
                        
        </resource>
        <resource identifier="r_contents.related-resources.index.htm"
                  type="webcontent"
                  href="contents/related-resources/index.htm">
            <metadata>
                <adlcp:location>contents/related-resources/index.htm.xml</adlcp:location>
            </metadata>
            <file href="contents/related-resources/index.htm"/>
            <dependency identifierref="webrenderrequirements.6-170-laboratory-in-software-engineering-fall-2005"/>            
        </resource>
        <resource identifier="r_contents.exams.index.htm"
                  type="webcontent"
                  href="contents/exams/index.htm">
            <metadata>
                <adlcp:location>contents/exams/index.htm.xml</adlcp:location>
            </metadata>
            <file href="contents/exams/index.htm"/>
            <dependency identifierref="webrenderrequirements.6-170-laboratory-in-software-engineering-fall-2005"/>            
        </resource>
        <resource identifier="r_contents.assignments.hints_ps3.pdf"
                  type="other"
                  href="contents/assignments/hints_ps3.pdf">
            <metadata>
                <adlcp:location>contents/assignments/hints_ps3.pdf.xml</adlcp:location>
            </metadata>
            <file href="contents/assignments/hints_ps3.pdf"/>
                        
        </resource>
        <resource identifier="r_contents.assignments.6_170_success.pdf"
                  type="other"
                  href="contents/assignments/6_170_success.pdf">
            <metadata>
                <adlcp:location>contents/assignments/6_170_success.pdf.xml</adlcp:location>
            </metadata>
            <file href="contents/assignments/6_170_success.pdf"/>
                        
        </resource>
        <resource identifier="r_contents.assignments.ps1.pdf"
                  type="other"
                  href="contents/assignments/ps1.pdf">
            <metadata>
                <adlcp:location>contents/assignments/ps1.pdf.xml</adlcp:location>
            </metadata>
            <file href="contents/assignments/ps1.pdf"/>
                        
        </resource>
        <resource identifier="r_contents.lecture-notes.lec14.pdf"
                  type="other"
                  href="contents/lecture-notes/lec14.pdf">
            <metadata>
                <adlcp:location>contents/lecture-notes/lec14.pdf.xml</adlcp:location>
            </metadata>
            <file href="contents/lecture-notes/lec14.pdf"/>
                        
        </resource>
        <resource identifier="r_contents.assignments.ps4.pdf"
                  type="other"
                  href="contents/assignments/ps4.pdf">
            <metadata>
                <adlcp:location>contents/assignments/ps4.pdf.xml</adlcp:location>
            </metadata>
            <file href="contents/assignments/ps4.pdf"/>
                        
        </resource>
        <resource identifier="r_contents.recitations.recitation4.pdf"
                  type="other"
                  href="contents/recitations/recitation4.pdf">
            <metadata>
                <adlcp:location>contents/recitations/recitation4.pdf.xml</adlcp:location>
            </metadata>
            <file href="contents/recitations/recitation4.pdf"/>
                        
        </resource>
        <resource identifier="r_contents.lecture-notes.lec8.pdf"
                  type="other"
                  href="contents/lecture-notes/lec8.pdf">
            <metadata>
                <adlcp:location>contents/lecture-notes/lec8.pdf.xml</adlcp:location>
            </metadata>
            <file href="contents/lecture-notes/lec8.pdf"/>
                        
        </resource>
        <resource identifier="r_contents.recitations.recitation2.pdf"
                  type="other"
                  href="contents/recitations/recitation2.pdf">
            <metadata>
                <adlcp:location>contents/recitations/recitation2.pdf.xml</adlcp:location>
            </metadata>
            <file href="contents/recitations/recitation2.pdf"/>
                        
        </resource>
        <resource identifier="r_contents.assignments.ps0.zip"
                  type="other"
                  href="contents/assignments/ps0.zip">
            <metadata>
                <adlcp:location>contents/assignments/ps0.zip.xml</adlcp:location>
            </metadata>
            <file href="contents/assignments/ps0.zip"/>
                        
        </resource>
        <resource identifier="r_contents.related-resources.6170_omnigraffle.txt"
                  type="other"
                  href="contents/related-resources/6170_omnigraffle.txt">
            <metadata>
                <adlcp:location>contents/related-resources/6170_omnigraffle.txt.xml</adlcp:location>
            </metadata>
            <file href="contents/related-resources/6170_omnigraffle.txt"/>
                        
        </resource>
        <resource identifier="r_contents.projects.6_170_gizmoball.pdf"
                  type="other"
                  href="contents/projects/6_170_gizmoball.pdf">
            <metadata>
                <adlcp:location>contents/projects/6_170_gizmoball.pdf.xml</adlcp:location>
            </metadata>
            <file href="contents/projects/6_170_gizmoball.pdf"/>
                        
        </resource>
        <resource identifier="r_contents.recitations.rec1_spec_test.pdf"
                  type="other"
                  href="contents/recitations/rec1_spec_test.pdf">
            <metadata>
                <adlcp:location>contents/recitations/rec1_spec_test.pdf.xml</adlcp:location>
            </metadata>
            <file href="contents/recitations/rec1_spec_test.pdf"/>
                        
        </resource>
        <resource identifier="r_contents.assignments.ps2.zip"
                  type="other"
                  href="contents/assignments/ps2.zip">
            <metadata>
                <adlcp:location>contents/assignments/ps2.zip.xml</adlcp:location>
            </metadata>
            <file href="contents/assignments/ps2.zip"/>
                        
        </resource>
        <resource identifier="r_contents.lecture-notes.lec5.pdf"
                  type="other"
                  href="contents/lecture-notes/lec5.pdf">
            <metadata>
                <adlcp:location>contents/lecture-notes/lec5.pdf.xml</adlcp:location>
            </metadata>
            <file href="contents/lecture-notes/lec5.pdf"/>
                        
        </resource>
        <resource identifier="r_contents.assignments.ps3.pdf"
                  type="other"
                  href="contents/assignments/ps3.pdf">
            <metadata>
                <adlcp:location>contents/assignments/ps3.pdf.xml</adlcp:location>
            </metadata>
            <file href="contents/assignments/ps3.pdf"/>
                        
        </resource>
        <resource identifier="r_contents.assignments.ps5.zip"
                  type="other"
                  href="contents/assignments/ps5.zip">
            <metadata>
                <adlcp:location>contents/assignments/ps5.zip.xml</adlcp:location>
            </metadata>
            <file href="contents/assignments/ps5.zip"/>
                        
        </resource>
        <resource identifier="r_contents.lecture-notes.lec16.pdf"
                  type="other"
                  href="contents/lecture-notes/lec16.pdf">
            <metadata>
                <adlcp:location>contents/lecture-notes/lec16.pdf.xml</adlcp:location>
            </metadata>
            <file href="contents/lecture-notes/lec16.pdf"/>
                        
        </resource>
        <resource identifier="r_contents.related-resources.6_170_work_home.pdf"
                  type="other"
                  href="contents/related-resources/6_170_work_home.pdf">
            <metadata>
                <adlcp:location>contents/related-resources/6_170_work_home.pdf.xml</adlcp:location>
            </metadata>
            <file href="contents/related-resources/6_170_work_home.pdf"/>
                        
        </resource>
        <resource identifier="r_contents.lecture-notes.lec20.pdf"
                  type="other"
                  href="contents/lecture-notes/lec20.pdf">
            <metadata>
                <adlcp:location>contents/lecture-notes/lec20.pdf.xml</adlcp:location>
            </metadata>
            <file href="contents/lecture-notes/lec20.pdf"/>
                        
        </resource>
        <resource identifier="r_contents.lecture-notes.lec6.pdf"
                  type="other"
                  href="contents/lecture-notes/lec6.pdf">
            <metadata>
                <adlcp:location>contents/lecture-notes/lec6.pdf.xml</adlcp:location>
            </metadata>
            <file href="contents/lecture-notes/lec6.pdf"/>
                        
        </resource>
        <resource identifier="r_contents.assignments.6_170_eclip_ref.pdf"
                  type="other"
                  href="contents/assignments/6_170_eclip_ref.pdf">
            <metadata>
                <adlcp:location>contents/assignments/6_170_eclip_ref.pdf.xml</adlcp:location>
            </metadata>
            <file href="contents/assignments/6_170_eclip_ref.pdf"/>
                        
        </resource>
        <resource identifier="r_contents.lecture-notes.lec18.pdf"
                  type="other"
                  href="contents/lecture-notes/lec18.pdf">
            <metadata>
                <adlcp:location>contents/lecture-notes/lec18.pdf.xml</adlcp:location>
            </metadata>
            <file href="contents/lecture-notes/lec18.pdf"/>
                        
        </resource>
        <resource identifier="r_contents.lecture-notes.lec6_summary.pdf"
                  type="other"
                  href="contents/lecture-notes/lec6_summary.pdf">
            <metadata>
                <adlcp:location>contents/lecture-notes/lec6_summary.pdf.xml</adlcp:location>
            </metadata>
            <file href="contents/lecture-notes/lec6_summary.pdf"/>
                        
        </resource>
        <resource identifier="r_contents.recitations.index.htm"
                  type="webcontent"
                  href="contents/recitations/index.htm">
            <metadata>
                <adlcp:location>contents/recitations/index.htm.xml</adlcp:location>
            </metadata>
            <file href="contents/recitations/index.htm"/>
            <dependency identifierref="webrenderrequirements.6-170-laboratory-in-software-engineering-fall-2005"/>            
        </resource>
        <resource identifier="r_contents.projects.6_170_amend_giz.pdf"
                  type="other"
                  href="contents/projects/6_170_amend_giz.pdf">
            <metadata>
                <adlcp:location>contents/projects/6_170_amend_giz.pdf.xml</adlcp:location>
            </metadata>
            <file href="contents/projects/6_170_amend_giz.pdf"/>
                        
        </resource>        
        <resource identifier="r_common.search.AdvancedSearch.htm"
                  type="webcontent"
                  href="common/search/AdvancedSearch.htm">
            <file href="common/search/AdvancedSearch.htm"/>
            <dependency identifierref="webrenderrequirements.6-170-laboratory-in-software-engineering-fall-2005"/>            
        </resource>
        <resource identifier="r_common.jsp.feedback.htm"
                  type="webcontent"
                  href="common/jsp/feedback.htm">
            <file href="common/jsp/feedback.htm"/>
            <dependency identifierref="webrenderrequirements.6-170-laboratory-in-software-engineering-fall-2005"/>            
        </resource>
        <resource identifier="r_common.terms.index.htm"
                  type="webcontent"
                  href="common/terms/index.htm">
            <file href="common/terms/by.png"/>
            <file href="common/terms/nc.png"/>
            <file href="common/terms/sa.png"/>
            <file href="common/terms/deedheadyellow.png"/>
            <file href="common/terms/freedomsheader.png"/>
            <file href="common/terms/limitationsheader.png"/>
            <file href="common/terms/understandingheader.jpg"/>
            <file href="common/terms/deedfootyellow.png"/>
            <dependency identifierref="webrenderrequirements.6-170-laboratory-in-software-engineering-fall-2005"/>            
        </resource>
        <resource identifier="r_common.terms.trademarks.index.htm"
                  type="webcontent"
                  href="common/terms/trademarks/index.htm">
            <file href="common/terms/trademarks/index.htm"/>
            <dependency identifierref="webrenderrequirements.6-170-laboratory-in-software-engineering-fall-2005"/>            
        </resource>
        <resource identifier="webrenderrequirements.6-170-laboratory-in-software-engineering-fall-2005"
                  type="webcontent">
        	<file href="common/styles/base.css"/>
        	<file href="common/styles/courses.css"/>
        	<file href="common/styles/courses_new.css"/>
        	<file href="common/styles/educator.css"/>
        	<file href="common/styles/global.css"/>
        	<file href="common/styles/grid.css"/>
        	<file href="common/styles/highslide.css"/>
        	<file href="common/styles/highslide-ie6.css"/>
        	<file href="common/styles/jquery.bubblepopup.css"/>
        	<file href="common/styles/jquery.jscrollpane.css"/>
        	<file href="common/styles/jquery-ui.css"/>
        	<file href="common/styles/menu.css"/>
        	<file href="common/styles/scholar2.css"/>
        	<file href="common/styles/media_tabs.css"/>
        	<file href="common/scripts/bubble-popup-offline.js"/>
        	<file href="common/scripts/jquery.js"/>
        	<file href="common/scripts/ocw-media-utils.js"/>
        	<file href="common/scripts/ocw-media-utils-offline.js"/>
        	<file href="common/scripts/highslide-with-gallery.js"/>
        	<file href="common/scripts/jquery.bubblepopup.min.js"/>
        	<file href="common/scripts/jquery.jscrollpane.min.js"/>
        	<file href="common/scripts/jquery-ui.min.js"/>
        	<file href="common/scripts/jQuizMe-uncompressed.js"/>
        	<file href="common/scripts/ocw-offline.js"/>
        	<file href="common/scripts/expandy.js"/>
        	<file href="common/scripts/chart.js"/>
        	<file href="common/scripts/jquery.anythingslider.js"/>
        	<file href="common/images/ocw_mast.png"/>
        	<file href="common/images/button_subscribe.png"/>
        	<file href="common/images/icon_fb.png"/>
        	<file href="common/images/icon_gp.png"/>
        	<file href="common/images/icon_pin.png"/>
        	<file href="common/images/icon_tw.png"/>
        	<file href="common/images/icon-question-ovt.png"/>
        	<file href="common/images/icon-question-svt.png"/>
        	<file href="common/images/icon-question-avt.png"/>
        	<file href="common/images/icon-question-cl.png"/>
        	<file href="common/images/top-nav_home.png"/>
        	<file href="common/images/button_search.png"/>
        	<file href="common/images/bg_top.png"/>
        	<file href="common/images/bg_social.png"/>
        	<file href="common/images/bg_social2.png"/>
        	<file href="common/images/bg_mega-courses.png"/>
        	<file href="common/images/bg_center2.png"/>
        	<file href="common/images/bg_course-nav_current.png"/>
        	<file href="common/images/button_donate-now.png"/>
        	<file href="common/images/logo_mit.png"/>
        	<file href="common/images/logo_ocwc.gif"/>
        	<file href="common/images/cc_by-nc-sa.png"/>
        	<file href="common/images/logo_dow.png"/>
        	<file href="common/images/logo_lockheed.png"/>
        	<file href="common/images/logo_mathworks.png"/>
        	<file href="common/images/logo_abinitio.png"/>
        	<file href="common/images/logo_sapient.png"/>
        	<file href="common/images/bg_bottom.png"/>
        	<file href="common/images/nav_arrow.png"/>
        	<file href="common/images/news-subscibe_bg.png"/>
        	<file href="common/images/black-arrow.gif"/>
        	<file href="common/images/trans.gif"/>
        	<file href="common/images/arrow-bullet.gif"/>
        	<file href="common/images/apple-touch-icon.png"/>
        	<file href="common/images/highslide/graphics/zoomin.cur"/>
        	<file href="common/images/highslide/graphics/zoomout.cur"/>
        	<file href="common/images/highslide/graphics/controlbar2.gif"/>
        	<file href="common/images/highslide/graphics/controlbar3.gif"/>
        	<file href="common/images/highslide/graphics/controlbar4.gif"/>
        	<file href="common/images/highslide/graphics/controlbar4-hover.gif"/>
        	<file href="common/images/highslide/graphics/controlbar-black-border.gif"/>
        	<file href="common/images/highslide/graphics/controlbar-white.gif"/>
        	<file href="common/images/highslide/graphics/controlbar-white-small.gif"/>
        	<file href="common/images/highslide/graphics/fullexpand.gif"/>
        	<file href="common/images/highslide/graphics/icon.gif"/>
        	<file href="common/images/highslide/graphics/loader.gif"/>
        	<file href="common/images/highslide/graphics/loader.white.gif"/>
        	<file href="common/images/highslide/graphics/resize.gif"/>
        	<file href="common/images/highslide/graphics/close.png"/>
        	<file href="common/images/highslide/graphics/closeX.png"/>
        	<file href="common/images/highslide/graphics/controlbar-text-buttons.png"/>
        	<file href="common/images/highslide/graphics/geckodimmer.png"/>
        	<file href="common/images/highslide/graphics/scrollarrows.png"/>
        	<file href="common/images/highslide/graphics/outlines/beveled.png"/>
        	<file href="common/images/highslide/graphics/outlines/drop-shadow.png"/>
        	<file href="common/images/highslide/graphics/outlines/glossy-dark.png"/>
        	<file href="common/images/highslide/graphics/outlines/outer-glow.png"/>
        	<file href="common/images/highslide/graphics/outlines/rounded-black.png"/>
        	<file href="common/images/highslide/graphics/outlines/rounded-white.png"/>
        	<file href="common/images/highslide/graphics/outlines/Outlines.psd"/>
        	<file href="common/images/button_continue.jpg"/>
        	<file href="common/images/button_donate.jpg"/>
        	<file href="common/images/button_start.jpg"/>
        	<file href="common/images/scholar_bar_chp.png"/>
        	<file href="common/images/scholar_bar.png"/>
        	<file href="common/images/logo_pdf.jpg"/>
        	<file href="common/images/h2_trigger_open_close.gif"/>
        	<file href="common/images/bookmark.gif"/>
        	<file href="common/images/check.png"/>
        	<file href="common/images/lightbulb.png"/>
        	<file href="common/images/audio_file.gif"/>
        	<file href="common/images/audio_only_slate.gif"/>
        	<file href="common/images/video_file.gif"/>
        	<file href="common/images/back-5.png"/>
        	<file href="common/images/btn_next_resource.png"/>
        	<file href="common/images/btn_previous_resource.png"/>
        	<file href="common/images/close.png"/>
        	<file href="common/images/inacessible.gif"/>
        	<file href="common/images/jquerybubblepopup-theme/grey/ie/bottom-left.gif"/>
        	<file href="common/images/jquerybubblepopup-theme/grey/ie/bottom-middle.gif"/>
        	<file href="common/images/jquerybubblepopup-theme/grey/ie/bottom-right.gif"/>
        	<file href="common/images/jquerybubblepopup-theme/grey/ie/middle-left.gif"/>
        	<file href="common/images/jquerybubblepopup-theme/grey/ie/middle-right.gif"/>
        	<file href="common/images/jquerybubblepopup-theme/grey/ie/tail-bottom.gif"/>
        	<file href="common/images/jquerybubblepopup-theme/grey/ie/tail-left.gif"/>
        	<file href="common/images/jquerybubblepopup-theme/grey/ie/tail-right.gif"/>
        	<file href="common/images/jquerybubblepopup-theme/grey/ie/tail-top.gif"/>
        	<file href="common/images/jquerybubblepopup-theme/grey/ie/top-left.gif"/>
        	<file href="common/images/jquerybubblepopup-theme/grey/ie/top-middle.gif"/>
        	<file href="common/images/jquerybubblepopup-theme/grey/ie/top-right.gif"/>
        	<file href="common/images/jquerybubblepopup-theme/grey/bottom-left.png"/>
        	<file href="common/images/jquerybubblepopup-theme/grey/bottom-middle.png"/>
        	<file href="common/images/jquerybubblepopup-theme/grey/bottom-right.png"/>
        	<file href="common/images/jquerybubblepopup-theme/grey/middle-left.png"/>
        	<file href="common/images/jquerybubblepopup-theme/grey/middle-right.png"/>
        	<file href="common/images/jquerybubblepopup-theme/grey/tail-bottom.png"/>
        	<file href="common/images/jquerybubblepopup-theme/grey/tail-left.png"/>
        	<file href="common/images/jquerybubblepopup-theme/grey/tail-right.png"/>
        	<file href="common/images/jquerybubblepopup-theme/grey/tail-top.png"/>
        	<file href="common/images/jquerybubblepopup-theme/grey/top-left.png"/>
        	<file href="common/images/jquerybubblepopup-theme/grey/top-middle.png"/>
        	<file href="common/images/jquerybubblepopup-theme/grey/top-right.png"/>
        	<file href="common/images/educator/classroom_next.png"/>
        	<file href="common/images/educator/classroom_next_dim.png"/>
        	<file href="common/images/educator/classroom_prev.png"/>
        	<file href="common/images/educator/classroom_prev_dim.png"/>
        	<file href="common/images/educator/edu_b-blank.png"/>
        	<file href="common/images/educator/edu_b-blank-key.png"/>
        	<file href="common/images/educator/edu_b-duedate.png"/>
        	<file href="common/images/educator/edu_b-duedate-key.png"/>
        	<file href="common/images/educator/edu_b-exam.png"/>
        	<file href="common/images/educator/edu_b-exam-key.png"/>
        	<file href="common/images/educator/edu_b-lab.png"/>
        	<file href="common/images/educator/edu_b-lab-key.png"/>
        	<file href="common/images/educator/edu_b-lab-team.png"/>
        	<file href="common/images/educator/edu_b-lab-duedate.png"/>
        	<file href="common/images/educator/edu_b-leclab.png"/>
        	<file href="common/images/educator/edu_b-leclab-key.png"/>
        	<file href="common/images/educator/edu_b-lecture.png"/>
        	<file href="common/images/educator/edu_b-lecture-duedate.png"/>
        	<file href="common/images/educator/edu_b-lecture-exam.png"/>
        	<file href="common/images/educator/edu_b-lecture-key.png"/>
        	<file href="common/images/educator/edu_b-lecture-lunch.png"/>
        	<file href="common/images/educator/edu_b-lecture-preslab.png"/>
        	<file href="common/images/educator/edu_b-lecture-quiz.png"/>
        	<file href="common/images/educator/edu_b-lecture-team.png"/>
        	<file href="common/images/educator/edu_b-lecrec-key.png"/>
        	<file href="common/images/educator/edu_b-leclab-duedate.png"/>
        	<file href="common/images/educator/edu_b-lecrec.png"/>
        	<file href="common/images/educator/edu_b-lecrec-duedate.png"/>
        	<file href="common/images/educator/edu_b-noclass-quiz.png"/>
        	<file href="common/images/educator/edu_b-lunch.png"/>
        	<file href="common/images/educator/edu_b-lunch-key.png"/>
        	<file href="common/images/educator/edu_b-noclass.png"/>
        	<file href="common/images/educator/edu_b-noclass-duedate.png"/>
        	<file href="common/images/educator/edu_b-noclass-exam.png"/>
        	<file href="common/images/educator/edu_b-noclass-key.png"/>
        	<file href="common/images/educator/edu_b-office.png"/>
        	<file href="common/images/educator/edu_b-office-key.png"/>
        	<file href="common/images/educator/edu_b-present.png"/>
        	<file href="common/images/educator/edu_b-present-duedate.png"/>
        	<file href="common/images/educator/edu_b-present-key.png"/>
        	<file href="common/images/educator/edu_b-preslab.png"/>
        	<file href="common/images/educator/edu_b-preslab-key.png"/>
        	<file href="common/images/educator/edu_b-quiz-key.png"/>
        	<file href="common/images/educator/edu_b-reclab-key.png"/>
        	<file href="common/images/educator/edu_b-reclab-concert.png"/>
        	<file href="common/images/educator/edu_b-reclab.png"/>
        	<file href="common/images/educator/edu_b-noclass-concert.png"/>
        	<file href="common/images/educator/edu_b-leclab-concert.png"/>
        	<file href="common/images/educator/edu_b-concert-key.png"/>
        	<file href="common/images/educator/edu_b-concert.png"/>
        	<file href="common/images/educator/edu_b-recitation.png"/>
        	<file href="common/images/educator/edu_b-recitation-duedate.png"/>
        	<file href="common/images/educator/edu_b-recitation-exam.png"/>
        	<file href="common/images/educator/edu_b-recitation-key.png"/>
        	<file href="common/images/educator/edu_b-team.png"/>
        	<file href="common/images/educator/edu_b-team-key.png"/>
        	<file href="common/images/educator/edu_b-team-preslab.png"/>
        	<file href="common/images/educator/edu_b-work.png"/>
        	<file href="common/images/educator/edu_b-work-key.png"/>
        	<file href="common/images/educator/icon-question-cih.png"/>
        	<file href="common/images/educator/icon-question-cihw.png"/>
        	<file href="common/images/educator/icon-question-cim.png"/>
        	<file href="common/images/educator/icon-question-collab.png"/>
        	<file href="common/images/educator/icon-question-coop.png"/>
        	<file href="common/images/educator/icon-question-fas.png"/>
        	<file href="common/images/educator/icon-question-gir.png"/>
        	<file href="common/images/educator/icon-question-hass.png"/>
        	<file href="common/images/educator/icon-question-hass-s.png"/>
        	<file href="common/images/educator/icon-question-iap.png"/>
        	<file href="common/images/educator/icon-question-lab.png"/>
        	<file href="common/images/educator/icon-question-urop.png"/>
        	<file href="common/images/educator/icon-question-active.png"/>
        	<file href="common/images/educator/icon-question-clickq.png"/>
        	<file href="common/images/educator/icon-question-conq.png"/>
        	<file href="common/images/educator/icon-question-flip.png"/>
        	<file href="common/images/educator/icon-question-form.png"/>
        	<file href="common/images/educator/icon-question-immed.png"/>
        	<file href="common/images/educator/icon-question-learn.png"/>
        	<file href="common/images/educator/icon-question-ped.png"/>
        	<file href="common/images/educator/icon-question-readq.png"/>
        	<file href="common/images/educator/icon-question-service.png"/>
        	<file href="common/images/educator/icon-question-sum.png"/>
        	<file href="common/webfonts/TitilliumText22L002-webfont.woff"/>
        	<file href="common/webfonts/TitilliumText22L002-webfont.ttf"/>
        	<file href="common/webfonts/TitilliumText22L002-webfont.svg"/>
        	<file href="common/webfonts/TitilliumText22L002-webfont.eot"/>
        	<file href="common/webfonts/TitilliumText22L003-webfont.woff"/>
        	<file href="common/webfonts/TitilliumText22L003-webfont.ttf"/>
        	<file href="common/webfonts/TitilliumText22L003-webfont.eot"/>
        	<file href="common/webfonts/TitilliumText22L003-webfont.svg"/>
        	<file href="common/webfonts/TitilliumText22L005-webfont.woff"/>
        	<file href="common/webfonts/TitilliumText22L005-webfont.ttf"/>
        	<file href="common/webfonts/TitilliumText22L005-webfont.svg"/>
        	<file href="common/webfonts/TitilliumText22L005-webfont.eot"/>
        </resource>        
  </resources>
</manifest>
